seed,objective,max_standardized_mean_difference,max_theme_TV,max_model_exposure_deviation,MostPop_HA_gap,BPR_HA_gap
20332116,0.27973591802508985,0.025490320530144932,0.03912175648702594,0.065187654254802,0.13025105839890064,0.09035473615715095
20331885,0.28017547281428634,0.016131808643154236,0.036007984031936134,0.07001056270774264,-0.014517172775516165,-0.034505030288103936
20331837,0.28064199790150945,0.016347163657499893,0.03356836064419143,0.0713140977592408,-0.08556115770837562,-0.01973469311182471
20331788,0.2844451904975404,0.014766443266627021,0.03884766312815851,0.07046908417955855,-0.07158351034815316,-0.04047551363054593
20331776,0.31109779313921593,0.024860030805487137,0.03548296031280885,0.07767110728817184,-0.11754546167928578,-0.046087492993956425
20331756,0.33562987936962074,0.018103557653088614,0.04083252941665765,0.08542584253051522,0.08825398012885259,-0.10627815227880176
20332016,0.34247695787820753,0.018094014901696594,0.041954704673361244,0.08715029532215635,0.0864939626509213,0.08422185564201162
20331731,0.34547710273448307,0.027903422303562082,0.03692465619614993,0.0873955653788987,-0.16591256709621294,-0.07289033409436461
20331723,0.34912041813253336,0.03335801856582501,0.03992015968063872,0.08529405334858342,0.1647888549810598,-0.01662094816767677
20331972,0.3535875643737487,0.017597622555023854,0.03932836227592715,0.09233246613494472,0.07459709852774152,-0.07355117709738761
20331877,0.3624321483185609,0.018876318198396875,0.041950791057195846,0.09354321451145675,0.11264966520677334,0.1808774328046428
20332217,0.3695425395957389,0.017279644024949428,0.03409181636726548,0.10037505700663041,0.11337528001397866,-0.03414823891708256
20331935,0.37639153783387824,0.029082307066081316,0.040718562874251504,0.09541046215213989,0.09108188907483983,0.14792443199320837
20332081,0.38408341647611505,0.012572138608415415,0.03361277445109781,0.10703070539701764,0.002325732269931132,0.13469658006197335
20332029,0.3845827662190652,0.021674860932493507,0.03972277702299376,0.10110791325069368,0.03571254187343035,-0.11946237613478301
20331829,0.38886626127035034,0.013158473178267793,0.035647389557464985,0.10741223458529503,-0.14546393046694855,0.15649570832909887
20331931,0.3913219865167403,0.02096741651486126,0.04155517163023466,0.10267393751884235,0.1429009233463849,-0.13902260034161265
20331927,0.40395235064019425,0.013442231949588417,0.042905228980009,0.10871742507353077,0.07993476381441102,-0.08850937628832745
20332211,0.4096319594043424,0.01731535989592914,0.03744510978043913,0.11204964494591818,0.036172574592573135,0.09498942962651175
20332044,0.40967291887202395,0.024343454736070247,0.0390019003984686,0.10894220451275027,0.12603314313845843,0.17176789384763033
20331967,0.4180045532865149,0.01292445749407238,0.035408193671733666,0.11732260176161402,-0.20481947575218867,0.0061008677849304525
20331745,0.4216290944167371,0.014891217310958393,0.033975516952682534,0.11859153389225163,0.06530179432787443,-0.09106815970349592
20332111,0.4488721695313608,0.021353578752266754,0.04015968063872256,0.1224263566070034,0.13385917639323533,0.031624669359140156
20331887,0.45694328341349166,0.025772580891616888,0.03452949123308548,0.12645882189074886,0.2375572343600107,0.09801563402518855
20331896,0.4592766300158687,0.021182766447447623,0.03904191616766467,0.12651032977230803,0.08126983407885381,0.21416590043038833
20332023,0.4638695092327571,0.020080821302323488,0.0401142469969848,0.12787243914498547,-0.13732393646619412,0.022397410551738453
20332196,0.46831624354110346,0.019871845976526775,0.03812043165784032,0.13042125002593874,0.175440548369489,-0.028260673369193558
20332001,0.4733486240503533,0.019876225590833255,0.0396806387225549,0.13131714679189588,-0.22703603307733036,0.06174402501629788
20331953,0.4752627472725684,0.01785131895194679,0.03613262697023324,0.13440416262175725,0.04390918948536728,-0.025643834320757838
20331816,0.4810136696266969,0.0209343985786742,0.03217564870259481,0.13727193266471016,-0.09283433290744902,0.16764561380809911
20331787,0.4920752020967415,0.024705594887557643,0.04291796416746581,0.13433088698599505,-0.06881223552950612,-0.09816855891133862
20331980,0.49999782218093103,0.024976590271551892,0.033612774451097796,0.14153402341091081,-0.08984861325260796,-0.2410986128355394
20331807,0.5045387965985569,0.024511731902626427,0.034491017964071856,0.14276351258327424,0.16135167185700755,-0.032093122534003704
20332203,0.5046187175108476,0.026148711490424102,0.04323434880199685,0.13787282760580943,-0.03895244226608549,-0.240261634481203
20332097,0.504987738773807,0.03791302587165831,0.039121756487025955,0.1361306927238699,-0.11696378660341356,-0.09706499739331848
20332148,0.5058892044143947,0.021765358626215744,0.041867776501921916,0.14044072701176535,-0.07002106098124826,0.15636482675611982
20332125,0.5178495761859042,0.017111744887449265,0.039164870004522324,0.14733017543055715,0.10957268842504377,0.1380562298266204
20332156,0.5185322303276143,0.016832045978177928,0.03245692552305575,0.15100493202161758,0.23604299647126012,-0.011646484913953765
20332207,0.520377913649579,0.0287315635632518,0.040958083832335325,0.14340307477927472,0.21363062985336206,-0.14895511936447692
20331770,0.5266044880831795,0.017594934871531364,0.035569066242415376,0.15188531794934168,-0.2337683169801527,0.18707329166866668
20331741,0.5295210996909604,0.020207993100561445,0.03305389221556885,0.15324408942234857,-0.22804576462600637,-0.10517696194742529
20332154,0.5404146220856986,0.013789861633109225,0.038722554890219564,0.15618030937242,-0.23524467248218275,0.021699194645701605
20332075,0.5411803193773406,0.03392725057548262,0.033490502628783635,0.15233910495289416,-0.26971616370023954,-0.004901651076658263
20332168,0.5423302586199984,0.016295790328089057,0.039240216676657856,0.15572471442564084,0.2870709794549319,0.14888529253136715
20331783,0.5480167436896669,0.025603268627265426,0.03481037924151696,0.156732635400042,0.05038578735891774,0.15390226122543563
20332112,0.5483504875384364,0.025213934798575456,0.039636052818520714,0.15456082450402664,0.1884619472413292,0.0764370602813507
20331724,0.5653977102945836,0.01844173970790755,0.03428657932418733,0.1651753672001317,0.056954946658977705,0.18376581584582002
20332166,0.5674780945828033,0.013660072103488744,0.039999999999999994,0.16460600749310483,-0.05210099444900241,-0.11801873255581367
20331934,0.5813334003677122,0.018251832539643034,0.03920159680638723,0.1680930575394961,0.2643495277302857,0.04006591323997432
20332210,0.5961652488581605,0.018600364946258156,0.04095808383233534,0.17204258605446643,-0.016871877426640796,-0.0953865558435725
20332206,0.6028996002196325,0.020333740057404747,0.04092044555308989,0.17372839727753098,-0.20249910859831902,-0.03235933438591658
20332202,0.6030651567659078,0.011074647196256974,0.03904191616766468,0.1778092117727179,0.3100106303170208,0.15510326378668382
20332073,0.6170477488432888,0.015520564893273355,0.0372542158219088,0.18188195340571744,-0.3165728673428032,-0.31723686444196575
20332107,0.6243312607500736,0.026106908676594036,0.03867367293195822,0.18007128089184743,-0.17583666727542155,-0.10995612627772972
20331735,0.6289249553523685,0.01585241499658958,0.04243247816995739,0.1831412743669476,-0.18822207884578873,-0.006083139452455074
20331899,0.6296195225233934,0.025316995942721434,0.042507314924677235,0.18018051806455204,0.35869095535360357,0.02083593900173946
20331751,0.6299761932974765,0.016340758667679835,0.03457085828343313,0.18725971573488231,0.29641739072898493,-0.02112537296606257
20331834,0.6598593744984649,0.010100605868813964,0.03141849782791117,0.20087700729592806,0.23022193195396048,0.2281966793661887
20331838,0.6602912859354819,0.016535468411687848,0.03484864216959663,0.19716095142313306,-0.004367334040980581,-0.17435383647860717
20331793,0.6614144036193189,0.020509305515765245,0.03508180190791975,0.19609413174722468,0.2386988076455323,-0.06791592260912063
20331941,0.6627834589169084,0.016260259022883833,0.04646706586826348,0.19227420036387644,0.2781279827276686,0.07206838505455224
20332212,0.6722961108251058,0.02284362472443621,0.03964043810829562,0.1966639429794087,0.2466459317484215,0.15865956316630786
20331839,0.6747610069513579,0.024277688226786092,0.03428886757859023,0.19968333911889546,-0.36362055624481865,-0.19479050898092792
20331866,0.6761428746281622,0.020519996904997312,0.040399201596806406,0.19834135844265177,-0.08342625166917496,0.05550547610418068
20331864,0.6765334602185286,0.022584530491457356,0.04059481229143184,0.19768557042997448,-0.22512972502048023,-0.07481210317329012
20332055,0.6784133032029706,0.017653213963513284,0.036127419438625546,0.20218965336050632,0.0022290764500670513,0.046179603461902564
20332157,0.679807328792166,0.01857190163547235,0.03764172118799285,0.20159094845823478,0.007342795033132255,0.04874751978687262
20331778,0.6838019123332679,0.015538566443248091,0.03507917583322897,0.20521486071339212,-0.1674570635856148,0.02222447929119416
20331748,0.6873376222972288,0.019354848162716314,0.03900314969613704,0.20315934986343565,0.335752372556265,0.17056334914898216
20332192,0.6887809324359847,0.04128781181877042,0.03992015968063873,0.19587096036541873,-0.05235796351841492,-0.15164610243388443
20331832,0.6936418741507318,0.018474837632338002,0.03635442829812193,0.2068784646904036,-0.38295937641444155,0.2116539781135902
20332164,0.6939471182915653,0.014821714801823736,0.04419591919466194,0.20427717489924957,0.22232648759329743,-0.039074730354756095
20332160,0.6939553154529559,0.024118665914997083,0.037325661625814306,0.20461605236641245,0.3585208782569865,0.2108315960625114
20331803,0.6993490605374931,0.018444083305472703,0.041756487025948114,0.20609008223103276,-0.4046470506368025,-0.14693403544408828
20331791,0.706615402135861,0.0287604911543835,0.03600798403193613,0.20794764497785778,0.126934578753485,-0.0791382799578662
20331786,0.7078189830479439,0.015338134104701182,0.03859905926610774,0.2115274200146937,-0.3527259596886517,-0.11872049766032684
20331999,0.7139558898022553,0.03429687089870562,0.03828713003499627,0.2074094412836851,0.030998007495278684,-0.037623587258399024
20332017,0.7145114056644,0.018320050671177562,0.04060118625912792,0.21176319186817683,0.03889986237493206,0.390898458238539
20331911,0.714711522264059,0.01860246470689115,0.03592814371257485,0.2140722806627685,-0.399562772301986,0.014551565757474464
20331836,0.7207206842105585,0.033213754278002064,0.03940493912382804,0.20946650708227144,-0.17948482047993913,-0.14204414178831531
20331773,0.7264699688268549,0.016962860190464855,0.04243036201268229,0.2152871885391222,0.31161954300204586,-0.07680579064484817
20331800,0.7282484997639656,0.01881052995708369,0.04459499331211439,0.21418182661290341,0.21664950551723652,-0.11048850778080586
20332214,0.7295966748579981,0.01791639426931156,0.04411215251119987,0.21517068394062888,0.07005632122409847,0.3007085101936006
20332034,0.7314283515196911,0.03083315001747717,0.03632734530938124,0.21536806117938068,-0.2639206546775553,-0.21677071177536988
20331824,0.7333021479409275,0.024314327822149238,0.03676421705527155,0.2179471648452903,0.3457217667832977,0.37357163496747053
20331827,0.7350897835045898,0.01687287293484235,0.033293413173652704,0.22275893026975613,0.052421328931654736,-0.0363398998669946
20331819,0.7351773531072754,0.011025134954262966,0.039869728848227245,0.2214492082935572,-0.08041527469765915,-0.00225234671325428
20331871,0.741327820785523,0.021545334611029532,0.03548441995141124,0.2221852854157922,0.12731174917349763,0.061522047438435604
20332158,0.741948684078072,0.015187958078492037,0.040798403193612776,0.22185437373638695,0.35327558112818597,0.21663713972002518
20332007,0.7475413331180798,0.02487119944562704,0.03385229540918164,0.22396389685289342,0.1399150019750041,0.3670247751690346
20332193,0.7475896128068498,0.03576462344829819,0.03552894211576847,0.2195105253949663,0.31784098828227736,-0.01097461302552169
20332036,0.7519090694145142,0.02142415405563568,0.036453728340859394,0.22526810761586313,-0.29383658532280843,-0.016557564099077136
20332177,0.7535237050519358,0.022809771551984256,0.03899820349720486,0.22407220941804806,-0.2883936886616276,0.1195200043623965
20332151,0.7571923810163844,0.022892811453812868,0.03536926147704592,0.2270818924490009,-0.3682164058026233,0.10980673443148417
20331963,0.7611491304411622,0.017816023188315513,0.03269670143984743,0.23142935169769185,-0.2889279365306971,-0.030034642373291072
20331990,0.7622488834155963,0.011713461217401158,0.034052221279937324,0.23315236342609635,-0.29234090305640664,0.08677348798031156
20332169,0.7642147436678239,0.019337038552854922,0.03784431137724551,0.2293704126830336,-0.204993797724824,-0.3835240524043783
20331759,0.7679854239490616,0.011745350534125183,0.040044560408163385,0.23205774426756376,-0.14507394186213526,-0.012526747427518478
20331746,0.7753190321018963,0.02954459035602623,0.030772228495268776,0.23320536633432232,-0.47061655189989193,-0.08183491041614653
20331796,0.7781613869795255,0.013824382265527999,0.04522808765352895,0.23216495774456802,0.01653544946476394,-0.0117919729567703
20332010,0.7801527699511154,0.026206776549889784,0.034290601297803563,0.23417003048484009,0.4270622022912338,0.38181672385256227
20332138,0.7825889352508383,0.021550039460955704,0.0375249500998004,0.23491715688006065,0.0393352046444794,0.18408240088580052
20331895,0.7871929391306736,0.01819146293680826,0.03960079840319361,0.2365334261963583,0.33565442207362073,0.005520813594128063
20332117,0.7878741675008789,0.014658278223847115,0.04379084717360744,0.2358432061722069,-0.3278339775994037,-0.18788465194830928
20332109,0.7929368151321187,0.014802856539069417,0.03939546103386393,0.23968025568075113,-0.015246034295530531,0.1830616791358471
20332015,0.7983355593473087,0.015075926479869117,0.040832873610913256,0.2406701074836899,0.4867218088512127,0.15184725240859
20331898,0.7992274090148458,0.015944716868489153,0.033575015066466145,0.24430672318221913,0.2700065836453179,0.12578891172754764
20331960,0.8041322672318296,0.01819902029556897,0.04375249500998002,0.24010150147376352,-0.29533344295679315,-0.21996163610961783
20331861,0.8071637289568385,0.014567239314035849,0.043113772455089815,0.2426419436533893,0.05331705311015546,-0.025384180514904858
20332083,0.809682874693298,0.0086625747248007,0.03565445828763997,0.24917953751234578,0.40406151600280227,-0.3602832147833853
20332194,0.8104866206967891,0.029958567126238303,0.042116278380489536,0.2391178786666055,-0.31840945739832754,-0.2070169198366637
20331835,0.8145378073446852,0.015698647133421003,0.0337253960863201,0.24941702202726135,0.4103685050761405,0.2211960322237895
20332147,0.8159042714346512,0.011448039089524673,0.038762047994064554,0.2487710534513432,0.3012818121134683,0.10358186713458999
20331897,0.8222949751361873,0.016026166685316715,0.044431991836222186,0.24654027356551245,-0.3616173361302383,-0.09178222867787075
20332056,0.825544471846071,0.019712421528088858,0.0351664227030531,0.25102747208780085,-0.44955698507288766,-0.09128895808856162
20332024,0.8313950654831003,0.020104944784854167,0.03428537464429276,0.25328735291060234,0.4716854346566038,0.024601801158993724
20331978,0.8341254060762018,0.019534357194340476,0.032612016905037115,0.25522434117476855,0.28015198085893456,-0.11827812131957667
20331750,0.84246884980754,0.022376544308182537,0.040762441267871416,0.25298288119918344,-0.27429335376708674,-0.1367409199893111
20331843,0.8427809484532862,0.023869887105457878,0.03907326971476175,0.2534337189252286,0.15853685745402835,0.04936535482905638
20331933,0.8453374592339434,0.014088443429463096,0.036114595015621004,0.2590257077603496,-0.11134975687156133,-0.03319297050819113
20332051,0.8507546149234517,0.016831609241469012,0.037080257495546984,0.25943420647955406,0.36440389699624026,-0.12202423145684695
20331765,0.8536052094628582,0.0231219469325587,0.04171264687613436,0.2559714307386993,0.08145585243731086,0.19723268759843415
20332184,0.8583494323358891,0.028827300432119948,0.03372583589009113,0.25964445935621083,-0.34586058634779787,-0.14765193803227597
20332167,0.8654848239217328,0.021580950559238296,0.036288260139468786,0.2631571610510971,-0.02536493573121899,-0.3568850508654556
20331976,0.866051530385508,0.021123718306554462,0.03932143377304149,0.2619818871397971,0.041007569099062405,-0.07562088345329195
20331777,0.8666805343146617,0.015310515742235756,0.041557051950705005,0.2630114802154562,-0.1394669231954652,0.007050470552820122
20332087,0.8702114669489819,0.022121120667060887,0.03760479041916167,0.2638943868843928,0.40327321248612275,0.05117915356749267
20332118,0.8838776309529196,0.012423514210072324,0.036924382115539,0.2720225145231796,-0.04026199669243262,-0.12914339122191987
20331969,0.8842089872881754,0.01557905682945048,0.03956237612592155,0.26976212208994754,0.24901790054411377,-0.23359815916906151
20331736,0.884807648631641,0.040241905639681164,0.036407185628742525,0.263318321516282,0.2359539216159307,0.33940812461628256
20331812,0.885036080624878,0.018357245352682617,0.03999999999999999,0.2688929450907318,0.42678175922498984,0.20095708728862494
20331986,0.8856444989877057,0.01356331900226557,0.03860163434905696,0.2713929094872849,0.35198854909060523,0.17866908372278742
20331720,0.8887083007892191,0.015779937597568017,0.03733357171972518,0.2723093352040211,-0.4254190812085461,-0.04068720957930246
20331946,0.8889856104149926,0.01534362538830425,0.03716352700952876,0.27263223150413174,0.5160794436624847,-0.05956526562891982
20332146,0.8941192212211562,0.017624867716693308,0.03648702594810379,0.27392127152743573,-0.25032543094628495,0.12154428145681875
20332012,0.8980628189710615,0.01303613863789298,0.041357285429141716,0.27433025072981865,-0.4431106046492301,0.0007039250084406768
20332059,0.9020596859151185,0.02013502463343936,0.03904191616766468,0.2744539290100607,-0.5569674878876416,-0.28296806140115316
20331948,0.9047983113859129,0.017228479257791723,0.04287425149700597,0.27441948496087076,0.15843728753739048,0.09656458208975448
20331944,0.9064615144124284,0.027974766667080705,0.04107861556146849,0.27228960813438163,0.18392498524394058,-0.02963054106373166
20331955,0.9087511723164253,0.009815671919134562,0.045391439697644476,0.2769494469502747,-0.37734316924745614,0.12069999736820018
20332119,0.9121730762876713,0.0205268677245175,0.04255489021956089,0.27593795774460417,-0.42686274494676607,-0.012591285288492621
20331764,0.912308284864291,0.014880265309255961,0.033964776817114614,0.2821602847764544,0.5075626914998967,0.07134414830978568
20332102,0.9157988448188541,0.01733999393666391,0.041004212236551964,0.27898417750912075,0.4116164407352969,0.01647543674872987
20331894,0.922656378778683,0.0183281265276107,0.034936558306028855,0.283974471597343,-0.47671342309337755,-0.2218324321662397
20331971,0.9264085866142908,0.01778088256325237,0.04179143549082579,0.28198018360493327,-0.4557318269272797,0.08967506365352798
20331842,0.9278358523348632,0.01925599948525489,0.037965257414278905,0.28387732224273,-0.33012781594508966,0.030679788782668773
20331846,0.9316787217696479,0.01776077343250704,0.03668584912244806,0.28629639155115627,0.5207911442863045,0.05457985546511031
20332106,0.9336472179758802,0.02282385728129949,0.03800399201596806,0.28460579089020954,-0.44905651643229083,-0.03171946838290061
20332030,0.9342735158350787,0.017794905114304038,0.03667450345994901,0.2871556185102837,0.5503662706472585,-0.2537871211614927
20332189,0.9348045048364343,0.013169182343408064,0.04139718009295157,0.2865131841178663,0.031409958094561326,-0.13939259480832883
20331869,0.939396862898002,0.02310585655671215,0.03768463073852296,0.2865880200778351,0.3771823046632582,-0.15475477294023066
20331795,0.9524379466585075,0.024361252090051966,0.039882597889005625,0.28941759924498234,-0.31432049740231127,0.12886584857392522
20332141,0.9534510519663545,0.025579579057833743,0.03420179917986158,0.2921895913795761,-0.5021744377610033,-0.20647058410511787
20332213,0.9575287923326422,0.013519711353602547,0.04347040869562169,0.29293448931186905,-0.16122846675972902,-0.3572804572522159
20331754,0.9587236847269196,0.025615340883198945,0.03576846307385229,0.2931518830776474,0.5626686176828135,0.08608704903875938
20332086,0.9590708279753433,0.01973645628240929,0.036367514053802036,0.294927700204077,-0.6029901150706374,-0.11813719214911717
20332048,0.9638127065838331,0.018723151972557504,0.03803389867239813,0.2960129022008928,0.2933515054418937,-0.05153787746438076
20331854,0.9645085991323039,0.019397853647672395,0.04083338352832895,0.29462022339737937,0.5630700275132722,0.10818578932295715
20331945,0.9660212675570979,0.023441704810690585,0.0424750499001996,0.292955662632036,0.2903795134349993,0.2141045104605654
20331727,0.9663114127460719,0.012620900682137573,0.03393213572854291,0.30093076949037334,0.33863752724982016,0.11204608538095946
20332191,0.9669918015124601,0.020573910303705548,0.037404297265281036,0.29677048177027765,0.5422596654641743,0.3104275166526696
20331734,0.9724917968537472,0.02001946851595085,0.036688908626942185,0.2991463217991277,0.379625030454162,0.002445437900510674
20331913,0.9739462191427822,0.018025034250297032,0.03349685747457663,0.3018919662268734,0.6135058526069473,0.1457255346767736
20331826,0.9799995220842491,0.017667855610914336,0.03836003547750421,0.30159720441902615,0.3786680233847736,-0.01176428826965576
20331919,0.9804926762445197,0.02465362834265869,0.045189620758483054,0.2960182055880455,-0.4995004951415893,0.11568262779765053
20332195,0.9837803569894417,0.016856814087512863,0.04690936186066316,0.2988531667036447,0.09057211090390108,-0.315297170825928
20331752,0.9882518485867862,0.014598341114839037,0.03804059133847904,0.30553087348807617,-0.3993425861607935,-0.11813970059514677
20332079,0.9885687041227343,0.018322929528575393,0.038163672654690624,0.30433342187070767,0.10182786262231337,-0.060887926078051345
20332153,0.9908067649244112,0.02887430964190802,0.03992015968063872,0.30068407192051505,0.21707351432039917,0.11449910474052295
20331802,0.9955974256042937,0.014981769784930188,0.03864271457085829,0.307550527987692,0.5283125868529637,0.0753118958548068
20331868,0.9970613042791949,0.02017492113710362,0.03715657301077232,0.30705050787531096,-0.5387187525165582,0.12806810329570975
20331809,1.0040590109738317,0.02216067082839708,0.038003992015968054,0.30829745070716086,0.3896954084343668,0.06392866137423293
20332061,1.0078748847926726,0.024896610173215587,0.03364922079838407,0.31083481447396033,-0.14945161116019748,0.10879582103589877
20332089,1.0084164787928884,0.017855751092822343,0.037406999827584185,0.3114834093195633,-0.4426479567114426,-0.01711707723848932
20332072,1.0103937947757813,0.012879459125849148,0.03656686626746508,0.3142213454162448,0.6381530461712365,-0.0501817932153533
20331857,1.010618797622644,0.011995749749854071,0.04654690618762475,0.3096008961971176,0.40303719651885916,-0.10829023509639668
20331932,1.0133449511400543,0.015005133403366601,0.03800399201596807,0.31377794323757857,-0.47774953181555885,-0.014124726607709557
20332185,1.023343890350025,0.01655639619833523,0.04004273107943462,0.31557446584417925,-0.6082864008782929,-0.07397250176019098
20332179,1.0249675741233748,0.013675290590718071,0.041712366421555735,0.31624124463344105,0.4868217227706811,0.10224182869691054
20332131,1.0295848793253934,0.011401222040466117,0.040677195823903854,0.31905595451635715,-0.3642245288319515,0.07375280651154623
20332140,1.03357083934661,0.016326806788370368,0.039559973140100124,0.31930135761602985,0.2572306840485543,-0.21365321165870402
20331775,1.0346322822510647,0.0331818622751386,0.04167664670658683,0.3129784833053486,0.3962174393764342,-0.15093684780631847
20332091,1.0351513166061819,0.018770461818443475,0.038689881931809375,0.3194486772966748,-0.59629578708865,0.027228647062035795
20331984,1.038085024286863,0.023549358472538667,0.033852295409181644,0.3212524075668506,0.5605789058055135,0.05033589856420614
20331892,1.0391265396344684,0.01649503890813067,0.035289421157684624,0.3232324563299369,0.31031967112427206,0.007818211454822312
20332175,1.0463964273607154,0.014454942037020253,0.04359281437125747,0.3221840879222696,0.6107055636604142,0.16792447778959838
20331922,1.048437090921613,0.04223003484911393,0.03517474073089649,0.31781498165871813,0.11361974215678501,-0.09854770610396793
20332155,1.0489870369667493,0.021561307684554415,0.04020034017865594,0.322375073004737,-0.3025658770706711,-0.19358755928609894
20332188,1.0508012869458474,0.0301491864519558,0.041516966067864286,0.3194588837973651,-0.057072543041607776,0.022679573744075473
20332053,1.051928570831543,0.015231552426832863,0.03964134958567615,0.3257449980087319,-0.5099222320460861,0.13791847188169187
20331981,1.0667106831143258,0.018291242422423783,0.03636348570621809,0.33129140404419166,0.6330031767394371,0.11248669374401585
20331830,1.071374212673294,0.02141398953645255,0.04191616766467065,0.32902865721327845,-0.5593123156133731,0.08444972934562277
20332096,1.074494014424122,0.021259206311787293,0.036613357987840385,0.332771590376858,0.2563580424241628,-0.04873053343520689
20331847,1.0753891534986262,0.02750976581429588,0.043832335329341304,0.32737696156343943,-0.2854856461494619,0.23564841453535848
20331737,1.0760245337714753,0.02249834237769937,0.041996007984031934,0.33017739313924266,0.41803032453041394,5.085278496098655e-05
20332065,1.0761569558926591,0.02117091937883417,0.03616766467065868,0.3335781798359456,0.45103915379699727,-0.13770630519799215
20332128,1.079694162732552,0.01476578741818503,0.042116227388747964,0.333918011410415,0.5057707030104027,0.17295813039839558
20332129,1.0819456690235252,0.02626967373530554,0.04051545639361546,0.33163427023259884,0.49590168409322977,-0.14762986008979495
20331771,1.0824605711080866,0.02886488661593683,0.03532323505631242,0.33353694396922706,0.4137897017455163,0.06471792502085794
20331956,1.0854253467826787,0.03103536854626452,0.04031936127744512,0.3313036454400822,-0.35435368363109504,0.17585274625496913
20332018,1.0909328684072548,0.016608146584502496,0.03238297474984566,0.34191675323266124,-0.3238726950178963,-0.05229277015550427
20332098,1.0927817348652076,0.028356509788816542,0.03916973971584216,0.33522353850087594,-0.5491860250652266,-0.19272913318201362
20332014,1.0930559428283348,0.025152039468293905,0.037565067852479615,0.33718543386044053,-0.6405364066612796,-0.1800444823638753
20332149,1.0939880135186546,0.02261762652992239,0.04122903482512861,0.3365089449170131,0.4892675422286342,-0.034254149981711425
20331728,1.09405850601302,0.02280848189752659,0.032767637326337265,0.34069952270866244,-0.403116470174966,0.006197987392635322
20331921,1.1008409768107184,0.0198752396124923,0.03261153885745991,0.34401614297067873,-0.6038737770386328,-0.28939509925821344
20332174,1.1145119219801893,0.016964593149842826,0.03896207584830339,0.34636807168596384,-0.7200459870086982,-0.03458669714003871
20332003,1.117312080554732,0.015965666713075907,0.0413122852172073,0.3464593286719484,0.21259781268407568,-0.05197507653729159
20331774,1.120049351046342,0.031179702290227377,0.04155593650635818,0.3421785813321925,-0.10621137431963902,-0.028063123880625093
20331926,1.1253578545121625,0.015067270268200577,0.04586272449512599,0.34716549916709105,0.16829801697235872,-0.0012104055291398
20331760,1.129320088945573,0.018354504013364754,0.04275944996483162,0.34894213666165363,0.48035197023938303,0.03041243649225041
20331810,1.134153392531037,0.03053417926605871,0.03852298596165487,0.34861157810749865,-0.22294284992520488,-0.11795551128122046
20331937,1.1358659624347203,0.022042959379653095,0.036046221464145,0.3532512236196166,0.2725268410661508,0.01810052856402583
20332000,1.1360585704027468,0.01491038467308722,0.041397983212881274,0.35301707030344587,-0.33041325807073124,-0.09316475864514413
20332019,1.1382614385147956,0.018560457951412514,0.04271457085828343,0.35187637475865263,0.15638069400379428,0.07973498057203529
20332190,1.15209130657236,0.02210970461834048,0.03624750499001996,0.35853678148966317,-0.33884031211492127,-0.022620419003683997
20332200,1.1553476418861903,0.022474842037881512,0.03796606690817631,0.3586412331620148,-0.3084264577600934,0.17155769110173083
20332057,1.158878305299182,0.018636030688201247,0.030461542187858046,0.36484998710973127,-0.21645975659566172,-0.28491377941693813
20331992,1.1603773897406993,0.01744079993236417,0.0406770938404207,0.36064031634923466,0.5706697106614453,0.2402927150484672
20331743,1.1632925532233682,0.024720089727621197,0.0382435129740519,0.3604023980115564,0.7268503257540475,0.05611034294485293
20332170,1.164369593134569,0.013737617963802948,0.048815076218312214,0.3591364536144326,-0.25739797327382596,-0.2542456320997979
20332088,1.1673429320134239,0.01405487158723933,0.03940209633423558,0.36472830530827705,0.5442007067641585,0.17912594975815996
20332181,1.168228307057211,0.024788353944244328,0.03436699330064125,0.36396315438733495,0.06768333974367852,0.014957346791141505
20332159,1.1687246687385722,0.013445818112347114,0.039680638722554895,0.3652526308474643,-0.5192727200696008,0.10620248418513721
20332126,1.176054881831611,0.024322521249579683,0.041437125748503,0.3631922239864256,0.3957900004521389,0.008818929989963345
20331962,1.1772966024421416,0.025721007244545093,0.03580577628074523,0.3659556435921596,-0.5531797141337467,-0.16418909263849654
20332002,1.1861096112729121,0.020418026834739568,0.0347305389221557,0.37119859201831307,-0.16934842146100892,-0.0742139468082447
20331928,1.1922010773194802,0.014450164581685292,0.04802961217912253,0.36856883148970365,-0.6199396894608407,-0.11557799876060838
20331943,1.1933388128815017,0.021357799291934675,0.04131791343068295,0.37000138114784753,0.1518387052419737,-0.04402259576449687
20331874,1.1947694020454391,0.02721270073641323,0.03321357285429142,0.3725787806758629,0.5146052131358335,0.11526728730815498
20331989,1.1981606193467562,0.024669443535792018,0.036050256185696634,0.3731385971774731,0.013123979564545203,0.10377102509753246
20331782,1.2008271083635953,0.011854234221019697,0.038922684727941526,0.37686294901688777,-0.362569709399905,0.1248614680547764
20331904,1.2039492705499582,0.019848175036399227,0.03372749312169212,0.37783661861034024,-0.6680835671130588,-0.010519986744452293
20332066,1.2085209245221638,0.024618485927593234,0.04431137724550899,0.37247845757543574,0.6080395664653356,0.20695266423495504
20332124,1.212160200023905,0.00858766911389296,0.041637007001484816,0.38037234013592824,0.751462710070868,0.16486740293562557
20331995,1.2175493951485068,0.019519613606315416,0.03892102112237284,0.3798827499528774,0.7367486178444559,0.2603148269739855
20332040,1.2188783674370927,0.04065278689165889,0.037962127796140124,0.37376079628374115,0.27853291029837124,-0.1929940772747298
20332020,1.2206599638226163,0.017680628282929167,0.03628328207069814,0.3828514708112133,-0.6831111306143713,-0.09937213429375338
20332027,1.2345099609074552,0.014922296832930124,0.037169735254064765,0.38794435373114267,0.7848007942741966,-0.07048265539403463
20332076,1.2350118161388048,0.024399597708555723,0.03640718562874251,0.38533381332904515,-0.33509222228499635,-0.005433958492699397
20331920,1.2417060205491652,0.009856508675556479,0.03788626483262121,0.391673371541559,-0.41997355564024147,0.02965327693180196
20332005,1.2432930444329353,0.027829155913070155,0.03804102476828236,0.38613411712248047,0.798366729321473,0.12053302768872992
20332216,1.252092446676791,0.0252380775813059,0.046030697665821164,0.38593610753225116,0.5754441702152164,0.037001978713004965
20331761,1.2549775399707566,0.02183346969731701,0.03984031936127744,0.3911278637438411,-0.5148091999813892,0.1388315442268348
20332025,1.2618219100228563,0.02183982245494334,0.03388659372935431,0.39638406565796047,0.7233860017331535,0.11837137867533426
20331870,1.263184756362177,0.017294823355765314,0.035608782435129736,0.3974922531179057,0.5242446120226845,0.1737121645780021
20332133,1.2718047519140778,0.014264418306535541,0.03876295309747742,0.3997986346537754,-0.17708298259596203,0.3062777434365403
20332006,1.2734782777421136,0.02902797448320449,0.035010719420172906,0.39731140804288323,0.8177332231147827,0.10849500072704349
20331965,1.2781563569889787,0.015590691736278828,0.03827269937213231,0.4017188720648338,-0.6687035015179663,-0.13019003744915678
20331982,1.2835562832711809,0.02520129440356621,0.0382048421120397,0.40034924189985166,0.5938635398282281,0.18912592822251
20332161,1.2888512801382852,0.024824519525957794,0.04031936127744511,0.40118257289871995,-0.16509531161441957,-0.08575384435123319
20331739,1.2955182771643268,0.011085269437450772,0.04179687885923826,0.4072458964793395,-0.8082659503703084,-0.02842341629972617
20331964,1.2968605914528364,0.03359929546390971,0.03840319361277446,0.40188550185658833,-0.16466171490498063,0.1327717214412577
20331772,1.2969372722770733,0.021517285893359512,0.032621552360710473,0.40882921928088267,0.044113888660754344,-0.09664599605627602
20331840,1.2969820958633695,0.032879658734422064,0.03768463073852294,0.40252516367372104,-0.8062666483278048,-0.07502760100030863
20332094,1.2970676708175055,0.0220197790956854,0.03744510978043912,0.4062934090170538,-0.5834917067633896,-0.06870588405195527
20332130,1.2996415171416862,0.016895628301226866,0.039680638722554895,0.4077416435855423,-0.6762171354022589,0.0034681272348097134
20332186,1.3064497628090772,0.01587236035438407,0.04395190458935235,0.4082165151902215,-0.5359138214991844,0.055751948081604524
20332043,1.308804165992466,0.020787760364671067,0.039005998859697175,0.4098358024460831,-0.7622056502834926,-0.27388228689705113
20331730,1.3098253111001907,0.019540822891966278,0.038562874251497015,0.410813392276993,0.011623001626000948,0.13964946384984747
20331891,1.312517059679102,0.013206917888719263,0.042359834060125,0.4119234635667318,0.8058764328578505,-0.011562508695520161
20332201,1.316070123896578,0.020674283347194452,0.04115809256467108,0.41121956723412556,0.8507676473506437,0.1734777497565771
20332204,1.317843721061045,0.01378294656598299,0.04148429310945409,0.4139447782769603,0.6720459621565116,-0.021726904941558395
20331893,1.3214833500743972,0.020083258063567186,0.04183632734530938,0.41288186699762197,0.44651778756415955,-0.010820968077434464
20332198,1.3345282999753814,0.020804177533973938,0.0386079063332699,0.4186040876471675,0.5847591772158333,-0.09981672587770428
20332134,1.336340239899878,0.011760028408089858,0.036537488650353785,0.42325799283875254,0.4730391244320896,-0.05368633868285778
20332113,1.3383286210102232,0.014654757695286933,0.04107929757601195,0.42068497231697277,-0.24585813074260518,-0.1457692900846587
20332041,1.3391588230063116,0.016019593560934,0.03932620150087816,0.4213833090646868,-0.1789102175209241,-0.00813257623432654
20331957,1.3421710157842337,0.021703525358730102,0.047425149700598815,0.41644325529153514,-0.13292302163251166,-0.021643486211372343
20331882,1.348092076649518,0.01824982202484284,0.03780302081451021,0.42437924113430325,0.4613072333860857,0.08025948905698328
20332115,1.350023978641533,0.013144268471540401,0.04028334198599449,0.42548489906366693,-0.676124292054567,-0.15720804156252366
20331813,1.3504452450832134,0.01403635495518505,0.03433133732534931,0.4283039613800015,-0.8310410207693936,-0.14058243273393825
20331733,1.3507770395796757,0.01770194630657282,0.03920159680638723,0.424757566021174,0.7786531893973175,0.31734427422462
20331929,1.351368762321992,0.02010541885115138,0.03636728459096495,0.4255708055281311,0.5170629350498229,-0.05015214317294616
20331940,1.351396296195348,0.013995429655062858,0.038802395209580835,0.4263990912419713,0.7224889349597059,0.08556367856300266
20331789,1.3618875633006997,0.01461927626924256,0.040045669478542524,0.4290665942712145,-0.18307681733097222,0.04436444960677165
20331753,1.3620724209596826,0.014162154515826118,0.033018867263078816,0.4327939885164128,-0.28248613339819384,-0.08530333478649116
20331909,1.3651732148070128,0.0237884912696546,0.034251497005988035,0.43000249267612534,-0.8110212073944736,-0.09618468612161092
20332039,1.3749217420935422,0.023077242962784923,0.03787938094750943,0.4316751425698311,0.9209168186648349,0.08937825420821674
20332183,1.3752889871891754,0.019999489951941424,0.03976047904191618,0.4318829262247865,-0.7368426189939522,-0.08313502860325073
20331910,1.3796869572748243,0.022183171299281972,0.04138837126959558,0.4318070763570496,0.8741462160280725,0.31725623289812094
20332135,1.3846553334292284,0.016127228063313768,0.038562874251496994,0.436894597996223,-0.08081269736430459,0.2206429120346165
20331858,1.3913513113408513,0.019296487811501655,0.04159680638722554,0.43655320464950376,-0.4772838074962282,-0.10393011412432514
20331757,1.391731394549108,0.01703575402860432,0.03516779948007546,0.44064798043346354,0.5429631688071019,0.1655812817240657
20331768,1.3955469439458734,0.028655902603404136,0.033170962880243036,0.4390448656740349,-0.6674629436074503,0.06882785389568706
20331872,1.3997996709665657,0.014389011867033823,0.0450597894104813,0.43927365832793663,0.8300184453214576,0.016548285693534732
20331951,1.4025623497343984,0.014700368878819765,0.032134045815442394,0.44655363737747167,-0.4183914198739769,-0.2419984776302864
20332123,1.4057306979430557,0.014444460800051998,0.042751839447402504,0.44238615932396663,0.25428441566232896,-0.010434822769752418
20331867,1.4160724573322196,0.021254738709697255,0.039321663235878566,0.4452784079229015,-0.5386544884665668,-0.1855820287981073
20332071,1.4164322750346439,0.02004906282904804,0.038999911720547405,0.44596111487492485,0.10203053289090667,0.128558726023588
20332093,1.4249995211511068,0.01271705709034849,0.04558882235528941,0.4479664101759414,-0.6569480154335007,-0.15665585489380723
20331975,1.4272377423918319,0.021801596643299642,0.04546640393171825,0.44574551328365164,0.8460632275259962,-0.06976714222877899
20331804,1.4308472065363889,0.0217637299349629,0.03620739998527615,0.45159079220783727,-0.5570111257417864,0.01604472445391977
20331767,1.4309221628831073,0.020070385040187204,0.03795315962359171,0.4513073461358442,0.657043433816813,-0.062459173209226226
20332035,1.4342521251468565,0.023638652042827675,0.03524774815688757,0.45258061695623253,0.5706721259039725,0.003895512605585459
20332137,1.4364665168940525,0.02906250963268356,0.04379189250430962,0.4472387228349681,-0.7560711389063625,0.2190963032100715
20332127,1.440822879703256,0.01758411030094268,0.0378032056595734,0.45551132030431774,0.20991877671237594,-0.16242016415739594
20331890,1.4483800606586477,0.018913920845675,0.041244619176145546,0.4558664036829181,-0.19673139067455553,-0.024207549027124464
20331881,1.4491694582850592,0.013595454897411322,0.03944111776447106,0.4588041089136471,0.9458752204859963,0.17717516517748452
20332092,1.4497054615382248,0.013195367038343833,0.04108484292790756,0.4582942767026732,-0.7675643680776367,0.026960435542228222
20332114,1.4513804931962095,0.018679321054371693,0.03712574850299402,0.4590041831291156,0.9798736010507088,0.1587646482623619
20332011,1.4518365705657625,0.01628444602395914,0.04087824351297405,0.45807825309078076,0.47141979526589833,-0.12277192981441211
20331914,1.456178866310107,0.013965960705682713,0.036130816763407556,0.46267222681977094,-0.07899581406122853,0.03943761352993898
20331779,1.4571246374356102,0.0166140546419387,0.03652952119073365,0.46190543366919035,-0.46355691155109296,0.127441207356996
20332095,1.4585904747629648,0.012181116885518015,0.037844311377245504,0.46321429693719285,0.3996768553998861,-0.051733418633184466
20331863,1.4687750838434284,0.019571964524175728,0.037801599419713984,0.4641669067298939,0.40161746630661915,0.10191483601847308
20332173,1.4721932555132728,0.018540438035560027,0.036291555480767665,0.4664051614188538,0.9174613918566518,-0.022188612834708295
20331862,1.4768069977160636,0.014643559952586408,0.036566866267465074,0.4691043794540932,-1.0076802723474108,0.026675836157603827
20331938,1.4768689926685543,0.017072085323618768,0.03868258373879734,0.46725767724557987,-0.37087166263978966,-0.16948367104499248
20331844,1.487761073692692,0.017236725997747792,0.043470000761689144,0.46843978218413684,0.9047363868622829,0.02084597250074133
20331878,1.4897322030020383,0.019222914871802173,0.041160132234333825,0.46958969659291183,0.7395504255162055,0.21768502543103835
20331849,1.4948519540721052,0.01956561336073414,0.039963228580361235,0.47178049928027643,-0.7234362645260182,-0.08104347513239922
20331794,1.5125855236310612,0.02881496367464031,0.035490972390202824,0.47684470045703886,-0.8578894277816685,-0.09609618703506002
20332082,1.5155208842008194,0.020928900210320525,0.038519129711198696,0.4789377631412336,0.8983791242916676,0.16733224916840247
20332215,1.5192550253350459,0.022933686049077508,0.038483033932135736,0.47953226279592165,0.9050129333799555,-0.21189465947371025
20331820,1.5260272189136266,0.025073670903792603,0.03540220851606703,0.48261674507857777,0.08774996142938081,-0.22025190290858915
20332100,1.5438690248601392,0.023140892184773918,0.03361277445109782,0.49010299033290616,-0.3596817694398537,-0.1432779875105339
20332162,1.543872870118849,0.016553350112953374,0.03800399201596806,0.49010451066064786,-0.7098951091166539,-0.26809678992963115
20332152,1.544405863571648,0.018833761920802463,0.040239520958083835,0.48840427340457326,-0.13552250398846644,0.15264282619119368
20331799,1.560296613977483,0.012933806982881397,0.0421966541131373,0.4946892752749652,-0.7697205815082676,-0.2737744574960251
20331906,1.565589992873313,0.02999320545282806,0.038369672916660685,0.492680759348498,-0.17277192136338668,-0.10694772980107764
20331918,1.577779797222069,0.02216222014287617,0.04191616766467065,0.4975811085273957,0.6923550132144135,0.40055568453572205
20331758,1.5840068493470585,0.014392637825261026,0.04011823710076253,0.5031456186235512,0.5845341892861623,0.251206198315477
20332121,1.5872283296430265,0.01990836900950861,0.03840319361277445,0.5032383900714521,-0.5875324034542899,0.14449376406143832
20332103,1.5959802934094562,0.02088559655912215,0.03776447105788424,0.5061493300878359,0.3943019664912143,-0.0808927455546792
20331747,1.5974147782012724,0.01996263143742826,0.038116173847419325,0.506759295330905,0.5880536510340079,0.03730596187919444
20331875,1.6038852869889486,0.022460117727727075,0.0390872159560808,0.5075981151090335,-0.9830468890240693,-0.05629804982636973
20332074,1.6088227880520036,0.02134758346605601,0.0381289345307469,0.5100939342632758,-0.2599777597631782,0.05148228326151942
20331923,1.6216008725183262,0.014312302229020033,0.03512974051896206,0.518197986503621,0.9677795783654028,0.17981720689954067
20332037,1.6251516186816073,0.020205568601762522,0.04471057884231537,0.5126267272721239,0.9826960120331523,-0.04677695070196877
20331755,1.628199338134867,0.012783070443134885,0.04331107862512242,0.5168165499180162,-0.537756197784044,-0.14806576847231645
20331722,1.6298759760864228,0.01979535283577287,0.04212236551963931,0.5156323583237303,0.9879645195406447,0.2227019277821224
20332199,1.6358995938734684,0.0116190696973406,0.035490156522337724,0.5236817631308738,-0.9577176538629132,-0.36696265403472095
20331860,1.6372476443979735,0.010565731018207692,0.042634730538922166,0.5209099391904609,-1.0928863557880715,0.007138837457350258
20331792,1.6407116328915274,0.02607414624641182,0.04131768396784588,0.5175536535644489,1.0506632425289277,0.2073808191969475
20331823,1.6412685239897034,0.017921071437366147,0.033532934131736525,0.5243493504515775,-1.0977321069226245,-0.166521216388783
20331961,1.6455957739082794,0.020241614729697783,0.04087824351297405,0.5213455979697068,-0.6138207219237805,-0.17106253687616138
20332063,1.6458500563578538,0.015202327290737502,0.03844002239812248,0.5243292318233108,1.0696869016127126,0.13606411386353334
20331901,1.6577850419247024,0.019329123133313534,0.039797855988486064,0.5262530449362199,0.8641557656388332,0.22859542648636155
20332080,1.661930327881968,0.023130058806220724,0.031893530518397974,0.5303199910993834,1.0486337114243278,0.16352891179483872
20331888,1.6636919050451406,0.03221515103518421,0.03992015968063873,0.5238655048296661,0.4358020387493466,0.15842792111459625
20331740,1.6653437836783098,0.018250098224003388,0.04075750781687462,0.5286524745763315,-0.7230945251069814,-0.20952458614391867
20332120,1.6678008049361015,0.02657200008965306,0.03700415232125562,0.5285741921215217,0.6993289382453972,-0.15827268018004403
20332142,1.6699614657956032,0.01786695483041746,0.035011624523585756,0.5331923580599357,-0.9143114668819863,-0.25522053285836005
20331985,1.6768904143605978,0.016977730936626988,0.037479382604741034,0.5345645365056197,0.34564817315526164,0.1417011629410416
20331845,1.6826261470682244,0.015571263291500062,0.041639537466660166,0.5348651925255781,-0.7780348792297133,-0.19503680940428236
20332058,1.682848352064896,0.014202091398347215,0.04338545008020043,0.5345226951820827,-0.6127711144489929,-0.2321899535373788
20331959,1.686254749404055,0.019487377602158386,0.04083703581181881,0.5351706060280561,0.2685037232914619,0.037290903049896594
20332218,1.687591605516956,0.0186793639338032,0.037170194179738866,0.5377189834378482,0.02278078274102589,-0.040843794268756284
20331987,1.688393743711405,0.016385892810027152,0.03856287425149701,0.5380545131747108,-0.7803044049610656,-0.011782870926669534
20332067,1.7004754870844125,0.022957860723113094,0.03672654690618763,0.5408092686673394,-0.39552673351920203,-0.0874119926606747
20331876,1.7169227533297056,0.022141823999485,0.04012090779322722,0.5448665225467932,0.019445287662440643,-0.155571176467137
20331821,1.726574997396204,0.02009495505779001,0.03916083528297071,0.549246263137986,-1.0939664621863385,-0.28286900100695156
20331905,1.7407704107357853,0.018941788658766882,0.036407185628742504,0.5557392812113016,-0.5101667518789056,-0.1948771566737036
20331884,1.7412048234198807,0.022745239906125186,0.03484733550621892,0.5553961934181424,0.21924299638813471,0.2097860491214977
20332101,1.7508745923202083,0.02103784045498324,0.03888223552894211,0.5571711328572706,-0.3845962725585802,-0.03435798207820706
20332172,1.7535372702174792,0.02771605970172514,0.037647546994467075,0.5564499633413511,0.5273738499175479,0.16836471707569786
20332110,1.7559736701186857,0.0362749225161888,0.037125748502994,0.554670041616002,-0.9549563772978965,-0.13111459898158678
20331912,1.76343795497573,0.018258340346738733,0.0354854844040165,0.5639837960076555,-0.022338528192259927,-0.06023764805835816
20331900,1.765550109250328,0.03743558910217716,0.039401235848596596,0.5563375554584187,0.7846307948636495,-0.01264435339321
20332171,1.7901023396000908,0.016624507886195822,0.03621081005799354,0.5730538722089682,0.48505313567188973,0.07361776789208063
20331762,1.796971165203216,0.024295638195975564,0.04004612203024894,0.5708687813206224,-0.7870917041022258,-0.20306988360308206
20331915,1.8061360445257437,0.013494944739485596,0.04131087019637877,0.5768915981638967,1.150996303112282,-0.03644268231038878
20331721,1.8088506464234506,0.021716747317247355,0.03700771536919773,0.5772074420174689,1.1229421190876752,0.05099282521541644
20331952,1.8155484554677999,0.015200948907913212,0.042831890107697744,0.5786998904661134,-0.8304439258632023,-0.0814845233791952
20332105,1.815994524906485,0.01766916916047582,0.04362445474690088,0.5776295578752193,1.0042126506714466,0.32851221329511765
20332165,1.82647516262812,0.013059584729666791,0.04108269490079396,0.5839305118490874,-1.2730892561772424,-0.13115657921390494
20331925,1.8340971048528176,0.01321173942912562,0.03552894211576845,0.5891973174166798,1.0930692578154542,0.06223004802989676
20331841,1.8365662827741565,0.017370367146615072,0.038524075910130885,0.5871366005874483,0.9702677039884947,-0.033311093655725973
20331958,1.8451915735855082,0.01716873609523221,0.03285135301805777,0.5929152693210631,0.8733649753465494,0.30316945610367035
20331742,1.8478820673656051,0.016888207539194386,0.033258305359582616,0.5937021339290123,-0.9875722590078189,-0.0033899980465269225
20331769,1.857061952305355,0.019355330514082024,0.041311788047727,0.5919129799065609,1.2700710215957756,0.1201311018458768
20332046,1.8591633818272162,0.01845246757981637,0.03524696415886093,0.5959468226697028,1.2144146533910276,0.08842354522520031
20331726,1.8608241466852717,0.027322963240079434,0.03829270088276266,0.5920207107070161,1.2024326119364532,0.18409145231199311
20332176,1.8614352437410506,0.01779599863945039,0.03532836610030777,0.5968822319837129,-1.321448291642481,-0.21015301706245415
20331811,1.861729274122012,0.020243728506407974,0.03800399201596807,0.5948265191972173,0.8804920983570651,0.23336745052455826
20331853,1.863039701256156,0.03230688910171571,0.033571477514394814,0.5934585319609493,0.1059107200657008,0.22013296210492067
20331732,1.8639248001033402,0.028331460905218514,0.0414692377977559,0.5911298275004959,1.349391032226028,0.10399567470371987
20331977,1.8689244911994178,0.01872430891704355,0.03580708931809063,0.5988298494350794,0.9688821770979202,0.19324209930994998
20332033,1.8732612031887181,0.027369088444874533,0.03285420218161793,0.5988702704904723,-1.3554208431745944,-0.21391903622060518
20332077,1.8752070757557149,0.01606946767188363,0.04490889209924395,0.5972580899783217,-0.5685690848617639,0.13823552071955308
20332104,1.8823044497553212,0.024374436484115067,0.042028234764703395,0.5982958870413837,-0.9345958748766009,-0.13863431225423428
20332045,1.8825841423489056,0.01612175319092542,0.04083651314646772,0.6017358731460929,-0.25352612679509395,-0.010589346674821797
20331738,1.8844936963315417,0.018626092519214387,0.03788180942920164,0.6030149632228416,1.2141903358734016,0.1197673623792242
20331993,1.887406664750414,0.020766594902560533,0.04147849917281834,0.601474107029542,0.7723037773768514,0.21132909676752468
20332013,1.895444553100677,0.02056951210672474,0.04435139301470505,0.6027826504906315,-1.2044493733107748,-0.2254723192335363
20331883,1.901809320911428,0.008977656208937753,0.0459880239520958,0.6079498762581155,1.1721575148568455,0.04635717992254653
20331950,1.9123093690234658,0.0156952640003722,0.04370204505566547,0.6103536791465318,-0.49507972666306943,0.07744632043565426
20331942,1.9189570322826277,0.021069555958724957,0.033494460862722904,0.6158819283432728,-0.7738388937729495,-0.2090655652127029
20332209,1.9207200410327088,0.024251668718362443,0.0367619861665779,0.6137751310214932,1.350717504750601,0.09490903633434297
20332049,1.924726735071521,0.021206264548651606,0.03428476274339393,0.6173644421359261,-1.2228257169479442,-0.2737403037030242
20331988,1.926580807530387,0.011523473153384142,0.04391217564870258,0.616396356967983,-1.2769950679512034,-0.3525505466043171
20331766,1.929643386761459,0.018312604447473974,0.03820379678133753,0.6180083623806596,-1.0217528952486354,-0.09344928739464149
20332060,1.9316638826855594,0.027018809063446832,0.03912175648702594,0.6153208129638579,-0.827424659883232,-0.296856225420884
20332085,1.9325399339028035,0.029181907038161238,0.03984031936127744,0.6145325159409087,-1.1091142547042072,-0.202732992011191
20332084,1.9352720267325678,0.017474570321976544,0.034810379241516955,0.621860629182772,-1.3978984946052315,-0.26868552572159893
20331973,1.9413564083576778,0.024563459313642438,0.03293487749074739,0.6224635442693047,-0.7058455057474204,0.10780339488309183
20332021,1.9474936006872745,0.019674338988060907,0.0323768748627605,0.6264179831350243,0.5395223778471595,0.07760097465612896
20332122,1.9509913334353317,0.018724279839355373,0.03540313911535065,0.6263874483076501,0.45336025704950533,0.21611716851470358
20332090,1.9609500150965977,0.01657702773732437,0.03230045736405204,0.6319741004377317,-0.4054986793840437,-0.08128244535897097
20331991,1.9611791205605973,0.028714219385432713,0.03851539456612881,0.6248972697753238,-1.2617893269746538,-0.06660137241878643
20331903,1.9672318919857037,0.017616092642439785,0.03944111776447105,0.6301513742321858,1.2108830494815168,0.17644204807945518
20331833,1.9701052122028393,0.012765996208963001,0.039240777585815116,0.6328260165383846,-1.2783106458877918,-0.11108806783965312
20331949,1.9760438962636788,0.019310193948556115,0.04410813691155133,0.6301904989825986,-0.8795558629593117,-0.1391507594007493
20332032,1.9766768154545946,0.014105791852969313,0.03732936490104574,0.6355256587500189,0.7193903242351303,0.19104733020700726
20332008,1.9784938584359775,0.02523750762520051,0.045703094848145,0.6282339028461865,0.12938603781579694,-0.068508573564632
20332099,1.9788604995476362,0.022505784789361945,0.04314619682875986,0.6305451398383781,0.8472948247335864,0.20033113477124395
20332143,1.9932291484143365,0.03720872339729981,0.03907741279376421,0.6324681019421301,-1.116741781593953,-0.35343255187262984
20331725,1.9943746144272412,0.0169669262846497,0.0388401609681802,0.6397158155634404,-0.06645770376950966,-0.13434226098167426
20331851,1.995228209987547,0.017249302016537855,0.03565015585944511,0.6415012247272804,-1.2313749829092353,-0.11896499129892271
20331784,1.9975521052053364,0.013265031928376995,0.042913642617367846,0.6399722031169692,0.05346959951995955,-0.19571081489399583
20331817,1.9995896711018677,0.020925950968428177,0.03501010751927407,0.6420495196181761,0.24797513666157997,-0.00921254247023724
20331815,2.002502197213939,0.023399393272850906,0.037554480692136405,0.6409236943009613,0.09949840491347645,0.02778313752002126
20332022,2.0039864870106867,0.024293822859516718,0.0361676646706587,0.6418137223817273,1.2093469856910597,0.04617696915024338
20331828,2.004824135497974,0.012444811214109236,0.037365269461077835,0.645443806697416,1.2132310665374864,0.20270974679790382
20332028,2.007922947204633,0.019377992842642022,0.04023952095808384,0.6427285576416217,1.0142728929332416,0.06928895386386065
20332050,2.0120636482657006,0.020130132788729382,0.038432921798109046,0.6447613775932692,1.1057549372284419,0.1226507696641149
20332026,2.0129559160172343,0.021640508597915033,0.039840319361277444,0.6438516427924678,-0.4784359449504708,0.048504320931163865
20331979,2.0240403704021146,0.025426828045936364,0.038642714570858286,0.6468831568332969,1.4199070958192104,0.024964901087615215
20331902,2.0291271438731995,0.02770903635213855,0.044231536926147716,0.6450236007106132,-1.1113325141785673,-0.30915775294085535
20332038,2.031328408917349,0.013286946499970559,0.03449101796407185,0.6554349784904236,0.5322544852803496,-0.16577688397863583
20331879,2.0530907598956745,0.015222006639065862,0.03692547206401503,0.660826848386862,0.6430782160847486,0.1466685207319506
20332197,2.0570332331577235,0.018105165569338978,0.04490363994986237,0.657190869221197,-1.4191413664782975,-0.2225703249168521
20331983,2.0577497889752814,0.016986958115661588,0.046339694871792424,0.6570844295173104,-0.253652041574927,-0.06767325062811413
20331831,2.0697054795963776,0.012216659973263364,0.040798403193612776,0.6654304049442317,-0.019301739192493804,0.1048484210110317
20331848,2.0768426828564035,0.011955251585882867,0.03620502249532549,0.6701932991758441,0.4355748451115016,-0.00483361451093501
20332062,2.0829271493404233,0.0161846047975149,0.03656686626746507,0.6706307483805702,-1.2181233217126142,-0.41311758588062325
20331947,2.089924281566983,0.021910132259607088,0.03792415169660679,0.6703759739208219,1.4116215825655847,0.36488370580368185
20331780,2.094388077233295,0.017739765598983687,0.03868375017488574,0.6728742287906608,-0.01353132199290483,0.03359989247650662
20331818,2.1019792954122223,0.014100123788031296,0.033412026338509315,0.6792537107054757,1.2370744506173765,0.0039492011711699665
20331798,2.117099716795672,0.01556802243666088,0.03532468832094713,0.6828482206258635,-0.08698019487706374,0.1923474962992505
20332178,2.131965279285241,0.018804043009455748,0.04343313373253493,0.6826705118923275,0.828397735500811,0.31533987051345097
20331790,2.1377004386671485,0.038881386788860245,0.03664670658682634,0.6812829973326828,0.7279042819273859,-0.027358149923243532
20332047,2.144549057582907,0.012731216629296929,0.040517585298825945,0.6903471543351236,1.1306107403224108,0.06082980241278146
20331785,2.1532383680578406,0.017166798000526798,0.036200560717938236,0.6939235763268021,1.1927851696188834,0.0756942217040231
20331998,2.156851647224606,0.019179990130279455,0.042989639434208374,0.6910623993143379,0.3780454949160516,-0.0055845638670279545
20331939,2.1628835411330036,0.022488064099144583,0.03948717605504303,0.693721570983765,-0.8067713954284935,-0.2354099686252761
20331907,2.1646421370610693,0.017064496809405645,0.03964201885228425,0.6960382039910791,1.015351211175776,0.12037938160130536
20331850,2.1669656992947437,0.022296514771414498,0.036806387225548895,0.6964865345616686,0.5910293913268322,0.10998458968437913
20331852,2.175995296271299,0.027110220563875312,0.03688622754491017,0.6978519114633528,1.4661248496471269,0.025975770687771727
20331865,2.1920677710485577,0.02655480212940008,0.036854944111457746,0.703410184250657,-0.9223815813925308,-0.05750944819441987
20332180,2.1924075272400465,0.02336020558035206,0.03668694544489179,0.7046723011641189,-0.43849394376216755,-0.13580400117084507
20332182,2.2167703406371766,0.018672753934218085,0.03900410579129143,0.7131971426720072,-0.7951769643192665,-0.208648270648349
20331966,2.239955682915518,0.012550216865486626,0.03884348180534986,0.7230467477806688,0.5493517687633449,0.34533364431081653
20332031,2.2464991744357383,0.029580685548935514,0.04327345309381236,0.717336103082028,1.623162505283774,0.2965994145118882
20332208,2.2561114735610652,0.030671422978290862,0.039242007761580475,0.7221923463134678,-0.7854179924941491,-0.2538836167409275
20331805,2.259275416637517,0.020926621587028446,0.03872255489021956,0.7267549875717199,-0.8685227509317702,0.11923316748880745
20331924,2.2702766541029593,0.03279876966456944,0.040479041916167656,0.7255864405213794,1.406667223114382,0.3325303726353033
20331797,2.2835542849092727,0.02310284138759394,0.03848303393213573,0.7342422975411584,-0.6165620258914633,-0.18875883891482234
20331886,2.2893083103093415,0.0163407493928786,0.040479041916167656,0.737416332680737,-1.363192833919913,-0.016250887375368037
20332054,2.3031390443267132,0.02422175819743881,0.04314803253145632,0.7380650791106966,-1.7389252464399607,-0.014268007748995162
20332108,2.33097753180019,0.014079122578314649,0.039760479041916166,0.7524192302196671,0.5622446692994617,-0.0035120157382590497
20331781,2.335532415833615,0.01525617853469121,0.040159680638722564,0.7533455721136133,-1.8543681931827507,-0.1947745520054355
20331970,2.336938991809785,0.019069422425728347,0.0411593482363072,0.7520435156765319,-0.14845519046913158,0.17514244721849243
20331873,2.3377587712924877,0.021867756324867926,0.04175648702594811,0.7510854281428991,-0.7172498940683486,-0.1666507637522362
20331825,2.3465331872565582,0.01677498929891348,0.03704590818363274,0.7580631118940653,0.8999595911218676,-0.004704908372815778
20332009,2.3687405831686514,0.017802250999956387,0.03708441332248484,0.7651039040616558,-0.6889021552598827,-0.20711318753579952
20331974,2.380300964713655,0.02122103223048793,0.03556236720236679,0.7685787938932056,0.6675443030161258,0.07117375766095779
20331729,2.4162379013319897,0.014398932565175628,0.03931206404052824,0.7809569575686739,0.5869155692713124,-0.14432650296524716
20331801,2.417888881883897,0.017345252439324457,0.03349351114153618,0.7834344542440894,-1.9637166342586627,-0.13559400072781652
20332219,2.418217188571842,0.02121947609881504,0.038045868983731405,0.7799763029991433,1.0258095195235355,0.015535771315836939
20332187,2.419094878601187,0.022661741969151335,0.04099247138805576,0.7783148098499841,0.47214545780300404,-0.06328030724917738
20332042,2.423420485659372,0.02141654270833307,0.04060467281945768,0.7803656445739509,1.260792525755903,0.24001521204811285
20331744,2.4374390574901708,0.01796308548463184,0.035246881297280895,0.7888685500198725,-2.0922157006005646,-0.25384612548740043
20331930,2.44295630774104,0.027647023721288258,0.03305389221556885,0.7885761485654661,-0.6520192357093688,0.057897991675059934
20331917,2.4504342080712296,0.02477538841704078,0.04282765141917986,0.7871391141751397,1.875302280347393,0.13219558510104865
20331880,2.4510576659542305,0.02496689736740373,0.038441768865271224,0.78947603842964,0.14234788614273705,-0.19420420296397908
20331749,2.4633172644772,0.03854356549332551,0.034331337325349306,0.7910922309986168,-1.1012821744789254,-0.18898263322730482
20331859,2.464573724536202,0.015164425609415656,0.04375249500998004,0.7945935188039386,1.8963964704763239,0.08568475242242139
20331908,2.468989460868471,0.018239812697738472,0.03836456736853612,0.797734265705976,-0.12502189315665257,0.03472738407291928
20331954,2.533189464214586,0.01448182959915053,0.03600798403193613,0.8215652195225105,-1.7436183279981377,-0.1501276714487033
20331994,2.53580495806966,0.021083416704082245,0.03413703329410156,0.8211719971414753,-0.8251624787816894,-0.21275257444375112
20331889,2.5488811372243263,0.022916529393097046,0.032574850299401194,0.8257007774607092,0.6270232534440915,0.27226404811958627
20332078,2.572886905174439,0.015659043027142636,0.034938725455045505,0.8349399246549094,0.876419599860599,0.029510144496228057
20332144,2.5749057075603967,0.01316494583157457,0.03888223552894211,0.8344724694784695,-1.3594344993909764,-0.12684728701365514
20332139,2.593060642967142,0.021415838585810677,0.03836662616010195,0.838031621713726,-0.5447472014994444,-0.0880974928344049
20331855,2.6017910897235064,0.022602753603974964,0.0362188795010968,0.8416200056226286,-1.665015218814621,-0.17222211412842495
20331806,2.6164645945286136,0.022413384282264005,0.03576846307385229,0.8467995052118571,0.031121797392557295,-0.06985433539545348
20332145,2.6446783756633634,0.014471208854547769,0.03979733969710268,0.8568370524210538,0.8117212898815463,0.11668437917084812
20332070,2.7213718529623483,0.021512521741779915,0.037045908183632736,0.8814301563150398,-2.217935918614441,-0.20550474280926415
20332052,2.7398196609167615,0.020234155292166225,0.037248396389402263,0.8879043036801639,-0.4747570133928436,-0.03956614918091692
20331822,2.7546597936023507,0.00970248756548976,0.03393213572854292,0.8980197008146822,2.5542299285798067,0.09446701424926306
20331936,2.788147545877081,0.012183465356042257,0.042358036601234716,0.9041423418730623,1.0853028989583795,0.34282070135353
20332004,2.803496603071409,0.017873541249300632,0.03640718562874253,0.9103374277929981,-0.9870029774239965,-0.07283019309926718
20332068,2.8314836480350745,0.025290378267746653,0.039001141896312756,0.9158971856409528,1.7004114221894038,0.22601580165223076
20332136,2.885174784890843,0.014718076311803205,0.039840319361277444,0.9368987431790412,0.8300972927476284,0.37377629315104666
20332205,2.957824983124276,0.013269199257569756,0.039719379698211744,0.9616589047731297,-0.05993922534995362,-0.14478864179755574
20331808,2.9746173212438447,0.04709687726286047,0.03600798403193613,0.9578361559776933,-0.6720243966063422,-0.07923729755665503
20332069,2.998155262639291,0.013164517814023561,0.04115417257453796,0.9744198286544867,-1.4397130721230726,-0.19159681913820073
20332163,3.084961106481253,0.01189733077694981,0.040995314177648214,1.0038569348126103,0.3953061263447487,0.03821500793910279
20332132,3.1119111779463093,0.010651612098583469,0.03597178626939001,1.0157672954812136,1.5559741087218724,0.13335297439198662
20332150,3.129862151016316,0.015508370228719552,0.03780948401775405,1.0192131849203219,1.270426666078784,0.16803510536257324
20331968,3.1740888615805303,0.018873385196776983,0.03931905628309086,1.0320789639863723,2.188931387513012,0.01738719479961554
20331996,3.185815668659182,0.029416396984611466,0.039479476302066156,1.0323933524071571,0.8589630338828317,0.24589753717036658
20331856,3.238675844848333,0.015842642526018767,0.0353692614770459,1.056593103368915,1.2579302047458627,0.2723940983121246
20331916,3.2579014738313,0.01651476890743982,0.04279441117764471,1.0590650293857977,2.271113736237313,0.15029449018165464
20331763,3.266637172548397,0.028678360260058135,0.04103792415169659,1.0588006420202647,1.2870836028870252,0.14569820559895827
20331814,3.4062131538396154,0.019050169422382468,0.04155559868607032,1.1082765287960425,1.8555450828108957,0.40482543041297403
20332064,3.4903789065425994,0.01848030215837755,0.035889791548947454,1.139354639020267,-0.17841059184269345,-0.31477263509499215
20331997,3.841434199432734,0.01871783793944403,0.03868613403880409,1.254895720145028,1.9795280624790825,0.4725912839978127
