target_initial_acceptance,scenario,lmc_difference_estimate,lmc_difference_ci_low,lmc_difference_ci_high,absolute_lmc_difference_estimate,absolute_lmc_difference_ci_low,absolute_lmc_difference_ci_high
0.1,moderate_asymmetric,-0.014925508439954502,-0.02017172029525255,-0.010171317496231175,-0.012372518283550783,-0.016828917478226128,-0.008625622240448383
0.2,moderate_asymmetric,-0.012896497709121655,-0.017882723481580327,-0.007917101468160336,-0.010254910701366882,-0.01476766033449518,-0.0061353058110342066
0.4,moderate_asymmetric,-0.008810086801523091,-0.014856258260372382,-0.002986963564957816,-0.006820513017075138,-0.011614562065009852,-0.002501357357016979
0.1,strong_premium_penalty,-0.026360626236448113,-0.03497766008960367,-0.019222487392094388,-0.024922267661141213,-0.032659975763933334,-0.01829390259439727
0.2,strong_premium_penalty,-0.023360047645269853,-0.031519060280482014,-0.015621652114917015,-0.021856014959551452,-0.030149629845578365,-0.014829879232412828
0.4,strong_premium_penalty,-0.017159757452920754,-0.025298418297156202,-0.009976214318817764,-0.01629172258588964,-0.023536984086619528,-0.00969114109647137
0.1,ai_appreciation,0.006281326451517659,0.0016547193760706094,0.011149082271207459,-0.004930100367223812,-0.0089517936277455,-0.0012659572350413163
0.2,ai_appreciation,0.0056563502410719654,0.0010367437108452769,0.010488225893423467,-0.00414360420539612,-0.007889088153030173,-4.116504076409656e-05
0.4,ai_appreciation,0.004473166629104535,-0.0008682903724124363,0.010863068599186699,-0.0003900694361004612,-0.004515308461127133,0.003548852901524079
