horizon,update_regime,round,scenario,estimate,ci_low,ci_high,relative_ratio_percent,n
6,event_online,1,ai_appreciation,0.0,0.0,0.0,0.0,50
6,event_online,1,moderate_asymmetric,0.0,0.0,0.0,0.0,50
6,event_online,1,strong_premium_penalty,0.0,0.0,0.0,0.0,50
6,event_online,1,zero,0.0,0.0,0.0,0.0,50
6,event_online,2,ai_appreciation,-0.0016117241917752744,-0.003798406847356174,0.0002641074916320717,-0.16104260618428956,50
6,event_online,2,moderate_asymmetric,0.004318969297924396,0.002022277667897619,0.007110279272901123,0.43283094876457806,50
6,event_online,2,strong_premium_penalty,0.0070701411595263065,0.004934039635529191,0.0091920552780699,0.7095193614195411,50
6,event_online,2,zero,0.0,0.0,0.0,0.0,50
6,event_online,3,ai_appreciation,-0.0030126835373160887,-0.00589405568903449,-2.4844353647986785e-05,-0.3008149960155275,50
6,event_online,3,moderate_asymmetric,0.008579467718672,0.0057923798407550605,0.012584886954317658,0.8616376829839921,50
6,event_online,3,strong_premium_penalty,0.013883511066081919,0.009351535178274807,0.019081097284087162,1.3980334570347066,50
6,event_online,3,zero,0.0,0.0,0.0,0.0,50
6,event_online,4,ai_appreciation,-0.005157027624330995,-0.008900640249177763,-0.0011004846082951268,-0.5143752986400016,50
6,event_online,4,moderate_asymmetric,0.011676120060959179,0.007053251455373013,0.017182754269315228,1.1744552031412838,50
6,event_online,4,strong_premium_penalty,0.019217231070942798,0.01210802557063589,0.02693211416780407,1.9403070587417526,50
6,event_online,4,zero,0.0,0.0,0.0,0.0,50
6,event_online,5,ai_appreciation,-0.007630607147054905,-0.013007393391404982,-0.0024208145666640046,-0.7601567973457622,50
6,event_online,5,moderate_asymmetric,0.015046286563409693,0.008372065499132813,0.022020488652459355,1.516005179838154,50
6,event_online,5,strong_premium_penalty,0.024665369138110474,0.0153535173801258,0.03375576564721764,2.497207584180941,50
6,event_online,5,zero,0.0,0.0,0.0,0.0,50
6,event_online,6,ai_appreciation,-0.009436913487333283,-0.015641896981131574,-0.0027058438320992483,-0.9392525557337248,50
6,event_online,6,moderate_asymmetric,0.018428627367215736,0.009863508150914066,0.026959908353300685,1.859948244829861,50
6,event_online,6,strong_premium_penalty,0.03058565480315148,0.019449083569423913,0.04064441161405809,3.105820135385781,50
6,event_online,6,zero,0.0,0.0,0.0,0.0,50
6,fixed_budget_history_replay,1,ai_appreciation,0.0,0.0,0.0,0.0,50
6,fixed_budget_history_replay,1,moderate_asymmetric,0.0,0.0,0.0,0.0,50
6,fixed_budget_history_replay,1,strong_premium_penalty,0.0,0.0,0.0,0.0,50
6,fixed_budget_history_replay,1,zero,0.0,0.0,0.0,0.0,50
6,fixed_budget_history_replay,2,ai_appreciation,-0.0013229343422125615,-0.002645896309405313,-9.254435369607243e-05,-0.13220596503381515,50
6,fixed_budget_history_replay,2,moderate_asymmetric,0.003313650993353835,0.0012744399207733547,0.0061096937393800245,0.3319147203971212,50
6,fixed_budget_history_replay,2,strong_premium_penalty,0.0050328681360661195,0.003265119636519134,0.007026206184690399,0.5045554290555505,50
6,fixed_budget_history_replay,2,zero,0.0,0.0,0.0,0.0,50
6,fixed_budget_history_replay,3,ai_appreciation,-0.0025209435724290697,-0.00530540177519984,0.00027529482481271616,-0.2517768662664551,50
6,fixed_budget_history_replay,3,moderate_asymmetric,0.005279623625286036,0.0025661940713775323,0.008571157706419367,0.5293585398252918,50
6,fixed_budget_history_replay,3,strong_premium_penalty,0.008991619494473406,0.005063865407101632,0.012516525402970624,0.9032165538794292,50
6,fixed_budget_history_replay,3,zero,0.0,0.0,0.0,0.0,50
6,fixed_budget_history_replay,4,ai_appreciation,-0.003194861981359165,-0.007056797692170152,0.0009415934738722724,-0.3189763840549791,50
6,fixed_budget_history_replay,4,moderate_asymmetric,0.007178908465712102,0.0036113067824751497,0.012120109102335432,0.7204738602826153,50
6,fixed_budget_history_replay,4,strong_premium_penalty,0.013615096733228728,0.008640882492241727,0.018548380028842484,1.3708204238791637,50
6,fixed_budget_history_replay,4,zero,0.0,0.0,0.0,0.0,50
6,fixed_budget_history_replay,5,ai_appreciation,-0.00415015162993839,-0.009028478813585697,0.0014791175304011328,-0.41415516518470963,50
6,fixed_budget_history_replay,5,moderate_asymmetric,0.00911941854221253,0.003040279375876563,0.01686516050453977,0.9161127129096992,50
6,fixed_budget_history_replay,5,strong_premium_penalty,0.017469017255469062,0.010318569988167025,0.024821427646040138,1.762249292460616,50
6,fixed_budget_history_replay,5,zero,0.0,0.0,0.0,0.0,50
6,fixed_budget_history_replay,6,ai_appreciation,-0.005296784746607851,-0.01112135129631315,0.0012094905507906016,-0.5282781517221807,50
6,fixed_budget_history_replay,6,moderate_asymmetric,0.01150637582143999,0.004057475511976298,0.020920616879095185,1.1572828796767842,50
6,fixed_budget_history_replay,6,strong_premium_penalty,0.021632477088895485,0.01304685480563443,0.03107116942760838,2.1868155489267607,50
6,fixed_budget_history_replay,6,zero,0.0,0.0,0.0,0.0,50
12,event_online,1,ai_appreciation,0.0,0.0,0.0,0.0,50
12,event_online,1,moderate_asymmetric,0.0,0.0,0.0,0.0,50
12,event_online,1,strong_premium_penalty,0.0,0.0,0.0,0.0,50
12,event_online,1,zero,0.0,0.0,0.0,0.0,50
12,event_online,2,ai_appreciation,-0.0016117241917752744,-0.003746807823256397,0.00020526928432832646,-0.16104260618428956,50
12,event_online,2,moderate_asymmetric,0.004318969297924396,0.002007956928899493,0.007257111828124278,0.43283094876457806,50
12,event_online,2,strong_premium_penalty,0.0070701411595263065,0.0048232779211232115,0.009161256879538306,0.7095193614195411,50
12,event_online,2,zero,0.0,0.0,0.0,0.0,50
12,event_online,3,ai_appreciation,-0.0030126835373160887,-0.005878356254887585,7.268022710964068e-06,-0.3008149960155275,50
12,event_online,3,moderate_asymmetric,0.008579467718672,0.00578067113199818,0.012426275113765485,0.8616376829839921,50
12,event_online,3,strong_premium_penalty,0.013883511066081919,0.009296602708406055,0.019098599344830672,1.3980334570347066,50
12,event_online,3,zero,0.0,0.0,0.0,0.0,50
12,event_online,4,ai_appreciation,-0.005157027624330995,-0.008929232703009268,-0.0009756640306466906,-0.5143752986400016,50
12,event_online,4,moderate_asymmetric,0.011676120060959179,0.0064698525000052975,0.017283738798680164,1.1744552031412838,50
12,event_online,4,strong_premium_penalty,0.019217231070942798,0.011540812121138885,0.027055287973389432,1.9403070587417526,50
12,event_online,4,zero,0.0,0.0,0.0,0.0,50
12,event_online,5,ai_appreciation,-0.007630607147054905,-0.013181655086842489,-0.002548539777737127,-0.7601567973457622,50
12,event_online,5,moderate_asymmetric,0.015046286563409693,0.008561883092236535,0.022186231820910753,1.516005179838154,50
12,event_online,5,strong_premium_penalty,0.024665369138110474,0.015209910543126379,0.0343973537600177,2.497207584180941,50
12,event_online,5,zero,0.0,0.0,0.0,0.0,50
12,event_online,6,ai_appreciation,-0.009436913487333283,-0.015446783403125169,-0.0026800174064959556,-0.9392525557337248,50
12,event_online,6,moderate_asymmetric,0.018428627367215736,0.01003879208703499,0.027284509445663508,1.859948244829861,50
12,event_online,6,strong_premium_penalty,0.03058565480315148,0.019033716979680367,0.040086119895176554,3.105820135385781,50
12,event_online,6,zero,0.0,0.0,0.0,0.0,50
12,event_online,7,ai_appreciation,-0.011713330257974199,-0.01911958479863917,-0.003764807032266777,-1.1644996271520582,50
12,event_online,7,moderate_asymmetric,0.02262447060475762,0.011394091958341693,0.032859499471252406,2.288234502513281,50
12,event_online,7,strong_premium_penalty,0.03728027217628441,0.024477572424138762,0.04824789447638665,3.798389807991722,50
12,event_online,7,zero,0.0,0.0,0.0,0.0,50
12,event_online,8,ai_appreciation,-0.013222521013495594,-0.021774310751444124,-0.003966211265603365,-1.3135487505622798,50
12,event_online,8,moderate_asymmetric,0.025649830461072973,0.0129184977457606,0.03698368055782006,2.5981618053688664,50
12,event_online,8,strong_premium_penalty,0.043318821621474726,0.02813036531030684,0.056087527442973024,4.427077788530249,50
12,event_online,8,zero,0.0,0.0,0.0,0.0,50
12,event_online,9,ai_appreciation,-0.014203498947082435,-0.023725003807449463,-0.0036653621738264963,-1.4103105132453386,50
12,event_online,9,moderate_asymmetric,0.028536652526132453,0.013275408488852542,0.04179878518693228,2.89477236767152,50
12,event_online,9,strong_premium_penalty,0.04968024653289639,0.03335941483277988,0.06270249861719726,5.093500253454112,50
12,event_online,9,zero,0.0,0.0,0.0,0.0,50
12,event_online,10,ai_appreciation,-0.016092403463108515,-0.02619208155257067,-0.005429460401364667,-1.5963612515920749,50
12,event_online,10,moderate_asymmetric,0.031612844857345855,0.013852127509628387,0.04507125594017498,3.211783821463597,50
12,event_online,10,strong_premium_penalty,0.055287484030921305,0.03756356270630291,0.06919253139270287,5.6844396894409455,50
12,event_online,10,zero,0.0,0.0,0.0,0.0,50
12,event_online,11,ai_appreciation,-0.017514932014092897,-0.029696848988664065,-0.0070330399473784565,-1.7362437202410204,50
12,event_online,11,moderate_asymmetric,0.03407742894305925,0.015635055607426254,0.04748298425586441,3.466471662209441,50
12,event_online,11,strong_premium_penalty,0.060141522467120234,0.0415182422608035,0.07559650496185287,6.198683090716115,50
12,event_online,11,zero,0.0,0.0,0.0,0.0,50
12,event_online,12,ai_appreciation,-0.018297097176994122,-0.030302369416580068,-0.006094080817539919,-1.8130721569986317,50
12,event_online,12,moderate_asymmetric,0.03661869755019886,0.018965792290197226,0.04979836904040452,3.729742137348552,50
12,event_online,12,strong_premium_penalty,0.0650222121555913,0.0463538815976179,0.08159798372040282,6.718272854974224,50
12,event_online,12,zero,0.0,0.0,0.0,0.0,50
12,fixed_budget_history_replay,1,ai_appreciation,0.0,0.0,0.0,0.0,50
12,fixed_budget_history_replay,1,moderate_asymmetric,0.0,0.0,0.0,0.0,50
12,fixed_budget_history_replay,1,strong_premium_penalty,0.0,0.0,0.0,0.0,50
12,fixed_budget_history_replay,1,zero,0.0,0.0,0.0,0.0,50
12,fixed_budget_history_replay,2,ai_appreciation,-0.0013229343422125615,-0.0027003241881876977,-8.077266044260141e-05,-0.13220596503381515,50
12,fixed_budget_history_replay,2,moderate_asymmetric,0.003313650993353835,0.00119513155653929,0.0060363739785069806,0.3319147203971212,50
12,fixed_budget_history_replay,2,strong_premium_penalty,0.0050328681360661195,0.0030724081964717776,0.006989915693908263,0.5045554290555505,50
12,fixed_budget_history_replay,2,zero,0.0,0.0,0.0,0.0,50
12,fixed_budget_history_replay,3,ai_appreciation,-0.0025209435724290697,-0.005206782845465146,0.00021551351017177816,-0.2517768662664551,50
12,fixed_budget_history_replay,3,moderate_asymmetric,0.005279623625286036,0.002599403240727147,0.008932164486934372,0.5293585398252918,50
12,fixed_budget_history_replay,3,strong_premium_penalty,0.008991619494473406,0.005249615967348953,0.012769314751431473,0.9032165538794292,50
12,fixed_budget_history_replay,3,zero,0.0,0.0,0.0,0.0,50
12,fixed_budget_history_replay,4,ai_appreciation,-0.003194861981359165,-0.007095869284752617,0.001332815375812755,-0.3189763840549791,50
12,fixed_budget_history_replay,4,moderate_asymmetric,0.007178908465712102,0.0035499972766435484,0.01227490424113479,0.7204738602826153,50
12,fixed_budget_history_replay,4,strong_premium_penalty,0.013615096733228728,0.008613407979999871,0.01831886653801513,1.3708204238791637,50
12,fixed_budget_history_replay,4,zero,0.0,0.0,0.0,0.0,50
12,fixed_budget_history_replay,5,ai_appreciation,-0.00415015162993839,-0.009258479776054597,0.0013231935669995312,-0.41415516518470963,50
12,fixed_budget_history_replay,5,moderate_asymmetric,0.00911941854221253,0.002992411902884444,0.01626473218729501,0.9161127129096992,50
12,fixed_budget_history_replay,5,strong_premium_penalty,0.017469017255469062,0.010402735614810431,0.024957395009011965,1.762249292460616,50
12,fixed_budget_history_replay,5,zero,0.0,0.0,0.0,0.0,50
12,fixed_budget_history_replay,6,ai_appreciation,-0.005296784746607851,-0.011160872704025644,0.0009258050374278892,-0.5282781517221807,50
12,fixed_budget_history_replay,6,moderate_asymmetric,0.01150637582143999,0.0036456647532650947,0.02022829694592982,1.1572828796767842,50
12,fixed_budget_history_replay,6,strong_premium_penalty,0.021632477088895485,0.013636035101989396,0.031054541805898478,2.1868155489267607,50
12,fixed_budget_history_replay,6,zero,0.0,0.0,0.0,0.0,50
12,fixed_budget_history_replay,7,ai_appreciation,-0.00654029447482612,-0.014277642292248123,0.0011852994627587485,-0.6518953300119743,50
12,fixed_budget_history_replay,7,moderate_asymmetric,0.013022372356914044,0.004718288157203403,0.022488153877035275,1.3107532709583651,50
12,fixed_budget_history_replay,7,strong_premium_penalty,0.025775428206949717,0.015702462941271665,0.0361449047036374,2.6110487124890205,50
12,fixed_budget_history_replay,7,zero,0.0,0.0,0.0,0.0,50
12,fixed_budget_history_replay,8,ai_appreciation,-0.007275981036285903,-0.014988610047621887,0.0020841153554399918,-0.7249575167943851,50
12,fixed_budget_history_replay,8,moderate_asymmetric,0.015593701705102965,0.00538390181331769,0.02551002811449516,1.5715917912860953,50
12,fixed_budget_history_replay,8,strong_premium_penalty,0.029740158423752418,0.01689842205720868,0.04173469137990315,3.018681380708165,50
12,fixed_budget_history_replay,8,zero,0.0,0.0,0.0,0.0,50
12,fixed_budget_history_replay,9,ai_appreciation,-0.008540991806341922,-0.01854936519449591,0.0016773380145819468,-0.850462115662195,50
12,fixed_budget_history_replay,9,moderate_asymmetric,0.017961920031537994,0.0066464937247814665,0.029415073210464472,1.8124205513965204,50
12,fixed_budget_history_replay,9,strong_premium_penalty,0.03331048479035556,0.018537108247614592,0.04792230306464834,3.387149078651196,50
12,fixed_budget_history_replay,9,zero,0.0,0.0,0.0,0.0,50
12,fixed_budget_history_replay,10,ai_appreciation,-0.010597653462801537,-0.02035684065590941,0.0003998479935505974,-1.054169617975567,50
12,fixed_budget_history_replay,10,moderate_asymmetric,0.02067030600641081,0.006825206625879251,0.03299093502426584,2.0885416357347184,50
12,fixed_budget_history_replay,10,strong_premium_penalty,0.0359180850059205,0.020106416681537016,0.05082257252930116,3.6570932311315687,50
12,fixed_budget_history_replay,10,zero,0.0,0.0,0.0,0.0,50
12,fixed_budget_history_replay,11,ai_appreciation,-0.01183493839286084,-0.022856808413174307,-0.00028849823675122826,-1.176518097226312,50
12,fixed_budget_history_replay,11,moderate_asymmetric,0.022867067937828695,0.007884200398304885,0.03662945356638496,2.3130523656601274,50
12,fixed_budget_history_replay,11,strong_premium_penalty,0.03855974928037778,0.021331404888048924,0.05373496193330847,3.9312824696222792,50
12,fixed_budget_history_replay,11,zero,0.0,0.0,0.0,0.0,50
12,fixed_budget_history_replay,12,ai_appreciation,-0.012661517188809746,-0.025642752509085043,-0.00028807245245788393,-1.258169741501158,50
12,fixed_budget_history_replay,12,moderate_asymmetric,0.024658653143305224,0.007559831930695924,0.03976583739719896,2.496519215778795,50
12,fixed_budget_history_replay,12,strong_premium_penalty,0.04093769855997754,0.02291761322733715,0.056063736159667525,4.178719868093019,50
12,fixed_budget_history_replay,12,zero,0.0,0.0,0.0,0.0,50
24,event_online,1,ai_appreciation,0.0,0.0,0.0,0.0,50
24,event_online,1,moderate_asymmetric,0.0,0.0,0.0,0.0,50
24,event_online,1,strong_premium_penalty,0.0,0.0,0.0,0.0,50
24,event_online,1,zero,0.0,0.0,0.0,0.0,50
24,event_online,2,ai_appreciation,-0.0016117241917752744,-0.003751383653906424,0.0002105485303810927,-0.16104260618428956,50
24,event_online,2,moderate_asymmetric,0.004318969297924396,0.001987902867697499,0.007112001621448821,0.43283094876457806,50
24,event_online,2,strong_premium_penalty,0.0070701411595263065,0.004669343789473037,0.00909903592263853,0.7095193614195411,50
24,event_online,2,zero,0.0,0.0,0.0,0.0,50
24,event_online,3,ai_appreciation,-0.0030126835373160887,-0.005981790004929528,-0.00016194314627753217,-0.3008149960155275,50
24,event_online,3,moderate_asymmetric,0.008579467718672,0.005671853027448315,0.0123250806041564,0.8616376829839921,50
24,event_online,3,strong_premium_penalty,0.013883511066081919,0.00905644552409496,0.019461585946494213,1.3980334570347066,50
24,event_online,3,zero,0.0,0.0,0.0,0.0,50
24,event_online,4,ai_appreciation,-0.005157027624330995,-0.008966773228016598,-0.0007196056227043996,-0.5143752986400016,50
24,event_online,4,moderate_asymmetric,0.011676120060959179,0.006737441073308873,0.0174566899126225,1.1744552031412838,50
24,event_online,4,strong_premium_penalty,0.019217231070942798,0.012053846484665027,0.02731129204093929,1.9403070587417526,50
24,event_online,4,zero,0.0,0.0,0.0,0.0,50
24,event_online,5,ai_appreciation,-0.007630607147054905,-0.012949630174613746,-0.0026405009272172887,-0.7601567973457622,50
24,event_online,5,moderate_asymmetric,0.015046286563409693,0.00790068421203973,0.02227377032385768,1.516005179838154,50
24,event_online,5,strong_premium_penalty,0.024665369138110474,0.015032489008343508,0.03293809706834046,2.497207584180941,50
24,event_online,5,zero,0.0,0.0,0.0,0.0,50
24,event_online,6,ai_appreciation,-0.009436913487333283,-0.015268057971490853,-0.003148076815178389,-0.9392525557337248,50
24,event_online,6,moderate_asymmetric,0.018428627367215736,0.009755077219185102,0.027661160348006985,1.859948244829861,50
24,event_online,6,strong_premium_penalty,0.03058565480315148,0.018924080175625396,0.040079552739568855,3.105820135385781,50
24,event_online,6,zero,0.0,0.0,0.0,0.0,50
24,event_online,7,ai_appreciation,-0.011713330257974199,-0.019455148329405127,-0.0037273690132385994,-1.1644996271520582,50
24,event_online,7,moderate_asymmetric,0.02262447060475762,0.010675442619831008,0.03345919119137426,2.288234502513281,50
24,event_online,7,strong_premium_penalty,0.03728027217628441,0.023425929042537274,0.048404313691279954,3.798389807991722,50
24,event_online,7,zero,0.0,0.0,0.0,0.0,50
24,event_online,8,ai_appreciation,-0.013222521013495594,-0.02195991867477503,-0.004100584616739159,-1.3135487505622798,50
24,event_online,8,moderate_asymmetric,0.025649830461072973,0.011672753370800119,0.037057447567193744,2.5981618053688664,50
24,event_online,8,strong_premium_penalty,0.043318821621474726,0.02770631040722844,0.05517428130703364,4.427077788530249,50
24,event_online,8,zero,0.0,0.0,0.0,0.0,50
24,event_online,9,ai_appreciation,-0.014203498947082435,-0.02410450298198684,-0.0031877623107817677,-1.4103105132453386,50
24,event_online,9,moderate_asymmetric,0.028536652526132453,0.01279661095403314,0.042172197799203635,2.89477236767152,50
24,event_online,9,strong_premium_penalty,0.04968024653289639,0.03315759726980479,0.06283867617744723,5.093500253454112,50
24,event_online,9,zero,0.0,0.0,0.0,0.0,50
24,event_online,10,ai_appreciation,-0.016092403463108515,-0.02686105699423402,-0.00690046089874135,-1.5963612515920749,50
24,event_online,10,moderate_asymmetric,0.031612844857345855,0.013471895424395308,0.04559683890892228,3.211783821463597,50
24,event_online,10,strong_premium_penalty,0.055287484030921305,0.037208291353869556,0.06869443203540695,5.6844396894409455,50
24,event_online,10,zero,0.0,0.0,0.0,0.0,50
24,event_online,11,ai_appreciation,-0.017514932014092897,-0.028153070372683754,-0.00675766126433183,-1.7362437202410204,50
24,event_online,11,moderate_asymmetric,0.03407742894305925,0.015622634307532,0.04693795957126215,3.466471662209441,50
24,event_online,11,strong_premium_penalty,0.060141522467120234,0.0418949144531831,0.07520357966207823,6.198683090716115,50
24,event_online,11,zero,0.0,0.0,0.0,0.0,50
24,event_online,12,ai_appreciation,-0.018297097176994122,-0.03063849126678555,-0.005731959689005982,-1.8130721569986317,50
24,event_online,12,moderate_asymmetric,0.03661869755019886,0.019829265213924505,0.05094467909982392,3.729742137348552,50
24,event_online,12,strong_premium_penalty,0.0650222121555913,0.04561574957602562,0.08131292693433496,6.718272854974224,50
24,event_online,12,zero,0.0,0.0,0.0,0.0,50
24,event_online,13,ai_appreciation,-0.01910015107198207,-0.03310058083110616,-0.006481530265438966,-1.8918899001562683,50
24,event_online,13,moderate_asymmetric,0.03894332656329384,0.021557087114939727,0.05330721222371112,3.9711557953240404,50
24,event_online,13,strong_premium_penalty,0.0702639939467222,0.05045689269620123,0.08837809237935243,7.279135429821777,50
24,event_online,13,zero,0.0,0.0,0.0,0.0,50
24,event_online,14,ai_appreciation,-0.020150497805618478,-0.03427299792783515,-0.007238770314231979,-1.994883334265557,50
24,event_online,14,moderate_asymmetric,0.0414079546575108,0.02294276265629934,0.05644283367716114,4.227722067232636,50
24,event_online,14,strong_premium_penalty,0.07505071135895122,0.05354914423038756,0.09300063972391864,7.793881324070434,50
24,event_online,14,zero,0.0,0.0,0.0,0.0,50
24,event_online,15,ai_appreciation,-0.021466033942769167,-0.036490658407138866,-0.007853916167905903,-2.1237278384824108,50
24,event_online,15,moderate_asymmetric,0.04350711739380071,0.02164605923008152,0.05942816560065295,4.44674281715696,50
24,event_online,15,strong_premium_penalty,0.08010287411135865,0.05719343938825716,0.10126624132836362,8.339851560184687,50
24,event_online,15,zero,0.0,0.0,0.0,0.0,50
24,event_online,16,ai_appreciation,-0.022484353573675387,-0.038638613885070214,-0.008445040945633307,-2.2233464374284506,50
24,event_online,16,moderate_asymmetric,0.045657671322207175,0.02194940103120727,0.06194135500016785,4.671602870404485,50
24,event_online,16,strong_premium_penalty,0.08530978426525593,0.06189535924303333,0.10533767766177118,8.905438636044167,50
24,event_online,16,zero,0.0,0.0,0.0,0.0,50
24,event_online,17,ai_appreciation,-0.02393441207655469,-0.03963367544842515,-0.009259012788851655,-2.365025558977135,50
24,event_online,17,moderate_asymmetric,0.04766309915225207,0.024468217018527156,0.06507253157446317,4.8817248376152405,50
24,event_online,17,strong_premium_penalty,0.09015075542325068,0.06633634501720605,0.11092662835504598,9.433924884684279,50
24,event_online,17,zero,0.0,0.0,0.0,0.0,50
24,event_online,18,ai_appreciation,-0.02522460668225758,-0.04019326599594598,-0.00903705283409874,-2.4909124495726633,50
24,event_online,18,moderate_asymmetric,0.04980889413146473,0.025592587562925897,0.06959595167537323,5.107021149583621,50
24,event_online,18,strong_premium_penalty,0.09489603049433132,0.07308225100998093,0.11659676872174173,9.954453008179346,50
24,event_online,18,zero,0.0,0.0,0.0,0.0,50
24,event_online,19,ai_appreciation,-0.026379452875073227,-0.042212289599875656,-0.009718080197098519,-2.603455450659103,50
24,event_online,19,moderate_asymmetric,0.05196678296497177,0.02823102801579113,0.07295271803599605,5.334075307555372,50
24,event_online,19,strong_premium_penalty,0.09943247661664484,0.07599636332256536,0.12172360916563069,10.454388568163816,50
24,event_online,19,zero,0.0,0.0,0.0,0.0,50
24,event_online,20,ai_appreciation,-0.027460382302979768,-0.04370739019779568,-0.01144812593339347,-2.7086773628630345,50
24,event_online,20,moderate_asymmetric,0.054029622926670656,0.03002850577019528,0.07653528807804548,5.5515869161159515,50
24,event_online,20,strong_premium_penalty,0.10389492625506729,0.08207186517278828,0.1263653036654492,10.94838711654584,50
24,event_online,20,zero,0.0,0.0,0.0,0.0,50
24,event_online,21,ai_appreciation,-0.028315679170455663,-0.04445231900962496,-0.011469558092975892,-2.791854750596996,50
24,event_online,21,moderate_asymmetric,0.05649456224424911,0.029574329011817495,0.07963430234843183,5.812086098178521,50
24,event_online,21,strong_premium_penalty,0.1083119275228995,0.0828591485200289,0.13108541372109128,11.439530174345645,50
24,event_online,21,zero,0.0,0.0,0.0,0.0,50
24,event_online,22,ai_appreciation,-0.029363600748949503,-0.04665587603106045,-0.01249476932620418,-2.8936679081897125,50
24,event_online,22,moderate_asymmetric,0.05863365497820431,0.03160429501919277,0.08431950084115615,6.0386702185397825,50
24,event_online,22,strong_premium_penalty,0.11257293607440061,0.08893571764047513,0.13714585741986218,11.915388062679087,50
24,event_online,22,zero,0.0,0.0,0.0,0.0,50
24,event_online,23,ai_appreciation,-0.03014453440534317,-0.0471828375774474,-0.012990348152499406,-2.9694719083691634,50
24,event_online,23,moderate_asymmetric,0.06074210383332345,0.0335441678239852,0.08693504048841189,6.26248319755567,50
24,event_online,23,strong_premium_penalty,0.1166257283895808,0.09285228202113735,0.14101923563649948,12.369878242435824,50
24,event_online,23,zero,0.0,0.0,0.0,0.0,50
24,event_online,24,ai_appreciation,-0.0308785072580165,-0.04944880456552052,-0.012605995705925022,-3.040663552305977,50
24,event_online,24,moderate_asymmetric,0.06263043361902751,0.03424114851755478,0.08886598243674407,6.463331383804884,50
24,event_online,24,strong_premium_penalty,0.12059261084638394,0.0972184507631972,0.14429243677780929,12.816521646346505,50
24,event_online,24,zero,0.0,0.0,0.0,0.0,50
24,fixed_budget_history_replay,1,ai_appreciation,0.0,0.0,0.0,0.0,50
24,fixed_budget_history_replay,1,moderate_asymmetric,0.0,0.0,0.0,0.0,50
24,fixed_budget_history_replay,1,strong_premium_penalty,0.0,0.0,0.0,0.0,50
24,fixed_budget_history_replay,1,zero,0.0,0.0,0.0,0.0,50
24,fixed_budget_history_replay,2,ai_appreciation,-0.0013229343422125615,-0.0026307386436393685,-0.00011654439801939565,-0.13220596503381515,50
24,fixed_budget_history_replay,2,moderate_asymmetric,0.003313650993353835,0.0011995389872649278,0.005972361007715623,0.3319147203971212,50
24,fixed_budget_history_replay,2,strong_premium_penalty,0.0050328681360661195,0.0032460447571435744,0.00687191089495565,0.5045554290555505,50
24,fixed_budget_history_replay,2,zero,0.0,0.0,0.0,0.0,50
24,fixed_budget_history_replay,3,ai_appreciation,-0.0025209435724290697,-0.0053305517359403375,0.0002924422894865579,-0.2517768662664551,50
24,fixed_budget_history_replay,3,moderate_asymmetric,0.005279623625286036,0.0023389639829522703,0.008434633576988242,0.5293585398252918,50
24,fixed_budget_history_replay,3,strong_premium_penalty,0.008991619494473406,0.005109050849856408,0.01269780999470756,0.9032165538794292,50
24,fixed_budget_history_replay,3,zero,0.0,0.0,0.0,0.0,50
24,fixed_budget_history_replay,4,ai_appreciation,-0.003194861981359165,-0.0071764332377815465,0.00103360816835903,-0.3189763840549791,50
24,fixed_budget_history_replay,4,moderate_asymmetric,0.007178908465712102,0.0034615184034164246,0.011963649445361033,0.7204738602826153,50
24,fixed_budget_history_replay,4,strong_premium_penalty,0.013615096733228728,0.00846583277155183,0.018508423259426098,1.3708204238791637,50
24,fixed_budget_history_replay,4,zero,0.0,0.0,0.0,0.0,50
24,fixed_budget_history_replay,5,ai_appreciation,-0.00415015162993839,-0.00912974039898764,0.0016702573113779662,-0.41415516518470963,50
24,fixed_budget_history_replay,5,moderate_asymmetric,0.00911941854221253,0.0026460161929804473,0.01706990736100991,0.9161127129096992,50
24,fixed_budget_history_replay,5,strong_premium_penalty,0.017469017255469062,0.01045635992482009,0.025150080628053042,1.762249292460616,50
24,fixed_budget_history_replay,5,zero,0.0,0.0,0.0,0.0,50
24,fixed_budget_history_replay,6,ai_appreciation,-0.005296784746607851,-0.01111664553793935,0.001210853096190318,-0.5282781517221807,50
24,fixed_budget_history_replay,6,moderate_asymmetric,0.01150637582143999,0.003827387656172882,0.02022148309830784,1.1572828796767842,50
24,fixed_budget_history_replay,6,strong_premium_penalty,0.021632477088895485,0.013599703088362365,0.03134910193707664,2.1868155489267607,50
24,fixed_budget_history_replay,6,zero,0.0,0.0,0.0,0.0,50
24,fixed_budget_history_replay,7,ai_appreciation,-0.00654029447482612,-0.013653460423063623,0.0010470773741617979,-0.6518953300119743,50
24,fixed_budget_history_replay,7,moderate_asymmetric,0.013022372356914044,0.004165431139708464,0.021876825265388804,1.3107532709583651,50
24,fixed_budget_history_replay,7,strong_premium_penalty,0.025775428206949717,0.015252032233396034,0.03640028339817289,2.6110487124890205,50
24,fixed_budget_history_replay,7,zero,0.0,0.0,0.0,0.0,50
24,fixed_budget_history_replay,8,ai_appreciation,-0.007275981036285903,-0.015491382088696388,0.0019723041496607927,-0.7249575167943851,50
24,fixed_budget_history_replay,8,moderate_asymmetric,0.015593701705102965,0.005244587721378363,0.025728262749756137,1.5715917912860953,50
24,fixed_budget_history_replay,8,strong_premium_penalty,0.029740158423752418,0.017865018892879177,0.04212141963712728,3.018681380708165,50
24,fixed_budget_history_replay,8,zero,0.0,0.0,0.0,0.0,50
24,fixed_budget_history_replay,9,ai_appreciation,-0.008540991806341922,-0.018021196170722554,0.001721408785563726,-0.850462115662195,50
24,fixed_budget_history_replay,9,moderate_asymmetric,0.017961920031537994,0.005126017050736637,0.029492266889093482,1.8124205513965204,50
24,fixed_budget_history_replay,9,strong_premium_penalty,0.03331048479035556,0.01858981926159563,0.04711815561071911,3.387149078651196,50
24,fixed_budget_history_replay,9,zero,0.0,0.0,0.0,0.0,50
24,fixed_budget_history_replay,10,ai_appreciation,-0.010597653462801537,-0.02091460669478928,0.0009476648042723371,-1.054169617975567,50
24,fixed_budget_history_replay,10,moderate_asymmetric,0.02067030600641081,0.00580908036809049,0.033348947440268076,2.0885416357347184,50
24,fixed_budget_history_replay,10,strong_premium_penalty,0.0359180850059205,0.019168969835622385,0.051377828253204354,3.6570932311315687,50
24,fixed_budget_history_replay,10,zero,0.0,0.0,0.0,0.0,50
24,fixed_budget_history_replay,11,ai_appreciation,-0.01183493839286084,-0.02267618740756301,0.0005705036340007837,-1.176518097226312,50
24,fixed_budget_history_replay,11,moderate_asymmetric,0.022867067937828695,0.007674759047229279,0.0371663825190925,2.3130523656601274,50
24,fixed_budget_history_replay,11,strong_premium_penalty,0.03855974928037778,0.020855729615646575,0.0561635294302211,3.9312824696222792,50
24,fixed_budget_history_replay,11,zero,0.0,0.0,0.0,0.0,50
24,fixed_budget_history_replay,12,ai_appreciation,-0.012661517188809746,-0.024802980684561302,0.00026248134609152714,-1.258169741501158,50
24,fixed_budget_history_replay,12,moderate_asymmetric,0.024658653143305224,0.008068496479848065,0.04001396314055791,2.496519215778795,50
24,fixed_budget_history_replay,12,strong_premium_penalty,0.04093769855997754,0.023955834238462235,0.05784450564495482,4.178719868093019,50
24,fixed_budget_history_replay,12,zero,0.0,0.0,0.0,0.0,50
24,fixed_budget_history_replay,13,ai_appreciation,-0.013367959967976817,-0.027102680715807577,-4.23752499063936e-05,-1.3279005611719972,50
24,fixed_budget_history_replay,13,moderate_asymmetric,0.02649288060209495,0.009790885916687057,0.041730961074239244,2.684693670372884,50
24,fixed_budget_history_replay,13,strong_premium_penalty,0.04372544132018299,0.024295048875147933,0.06076667216541473,4.4695485295723945,50
24,fixed_budget_history_replay,13,zero,0.0,0.0,0.0,0.0,50
24,fixed_budget_history_replay,14,ai_appreciation,-0.013746703426994338,-0.02789418726070906,0.001714248467816192,-1.3652648972263903,50
24,fixed_budget_history_replay,14,moderate_asymmetric,0.02885108427328467,0.011625773310620762,0.045609361821267624,2.927130837718453,50
24,fixed_budget_history_replay,14,strong_premium_penalty,0.04685233389004945,0.027127812413559074,0.06315874590705373,4.796724840655578,50
24,fixed_budget_history_replay,14,zero,0.0,0.0,0.0,0.0,50
24,fixed_budget_history_replay,15,ai_appreciation,-0.014388690182317183,-0.028631578970765917,0.0015114685695827028,-1.4285667691213366,50
24,fixed_budget_history_replay,15,moderate_asymmetric,0.03156219617682788,0.014526884787191987,0.04717637567270572,3.2065564131809174,50
24,fixed_budget_history_replay,15,strong_premium_penalty,0.05055866488398836,0.03132244476785654,0.06806809459376781,5.185856870592229,50
24,fixed_budget_history_replay,15,zero,0.0,0.0,0.0,0.0,50
24,fixed_budget_history_replay,16,ai_appreciation,-0.01509469710559092,-0.02949220207374042,0.00038394519949586423,-1.4981343229423978,50
24,fixed_budget_history_replay,16,moderate_asymmetric,0.03364593825610516,0.015728783515952333,0.05031231884803913,3.421836473801783,50
24,fixed_budget_history_replay,16,strong_premium_penalty,0.05383539860268922,0.03445269362173728,0.07019476640959219,5.531088221239018,50
24,fixed_budget_history_replay,16,zero,0.0,0.0,0.0,0.0,50
24,fixed_budget_history_replay,17,ai_appreciation,-0.01581186036743688,-0.030559727123994494,-0.0019283966027356099,-1.5687509173890164,50
24,fixed_budget_history_replay,17,moderate_asymmetric,0.03563191435701103,0.01823993755143492,0.053665702554246006,3.6274338575210523,50
24,fixed_budget_history_replay,17,strong_premium_penalty,0.056818985859592344,0.03924295557794535,0.07311448366258366,5.846419606696847,50
24,fixed_budget_history_replay,17,zero,0.0,0.0,0.0,0.0,50
24,fixed_budget_history_replay,18,ai_appreciation,-0.016394637851738125,-0.03111525549692524,-0.000991114444344386,-1.6260977212699046,50
24,fixed_budget_history_replay,18,moderate_asymmetric,0.03757307035093115,0.01875885114929872,0.056986746283427446,3.828786236851057,50
24,fixed_budget_history_replay,18,strong_premium_penalty,0.05973520041014686,0.042183806203113294,0.0776460052589602,6.155540988742195,50
24,fixed_budget_history_replay,18,zero,0.0,0.0,0.0,0.0,50
24,fixed_budget_history_replay,19,ai_appreciation,-0.017164998979436,-0.030230426371012885,-0.002844488097887213,-1.7018519687552243,50
24,fixed_budget_history_replay,19,moderate_asymmetric,0.03917079053767839,0.020868908446721315,0.057508776061978996,3.994808177573054,50
24,fixed_budget_history_replay,19,strong_premium_penalty,0.06243477319567296,0.044573730169192985,0.07963382202351753,6.442502761049615,50
24,fixed_budget_history_replay,19,zero,0.0,0.0,0.0,0.0,50
24,fixed_budget_history_replay,20,ai_appreciation,-0.017670339148234033,-0.03143253656798475,-0.0027533326488536456,-1.7515134224533386,50
24,fixed_budget_history_replay,20,moderate_asymmetric,0.040655219379305454,0.02251638772996465,0.0577155043492084,4.149295704713653,50
24,fixed_budget_history_replay,20,strong_premium_penalty,0.06500397939880316,0.046883056612695415,0.08121166911895214,6.716327104398662,50
24,fixed_budget_history_replay,20,zero,0.0,0.0,0.0,0.0,50
24,fixed_budget_history_replay,21,ai_appreciation,-0.01820764092152067,-0.031999013804463086,-0.003892122383463184,-1.8042883292190413,50
24,fixed_budget_history_replay,21,moderate_asymmetric,0.0420689753097788,0.024873780199633568,0.0606122540061462,4.296641520139264,50
24,fixed_budget_history_replay,21,strong_premium_penalty,0.06735458606630423,0.049985305428786216,0.08390104539929856,6.96747026818128,50
24,fixed_budget_history_replay,21,zero,0.0,0.0,0.0,0.0,50
24,fixed_budget_history_replay,22,ai_appreciation,-0.01873754257708399,-0.03241968136545765,-0.005393031322628534,-1.856308615367474,50
24,fixed_budget_history_replay,22,moderate_asymmetric,0.043515705668858214,0.02542395350239494,0.06191844172711866,4.4476398383650615,50
24,fixed_budget_history_replay,22,strong_premium_penalty,0.06968888878251066,0.04993887860834993,0.08521481445804441,7.217456382693211,50
24,fixed_budget_history_replay,22,zero,0.0,0.0,0.0,0.0,50
24,fixed_budget_history_replay,23,ai_appreciation,-0.019549197767401282,-0.0330341321044912,-0.006614779598716461,-1.935935132867211,50
24,fixed_budget_history_replay,23,moderate_asymmetric,0.04483335456287668,0.0268197167313953,0.0638756351006343,4.585355866241635,50
24,fixed_budget_history_replay,23,strong_premium_penalty,0.07167938474496208,0.05342220933764423,0.08878379831089082,7.431084839483312,50
24,fixed_budget_history_replay,23,zero,0.0,0.0,0.0,0.0,50
24,fixed_budget_history_replay,24,ai_appreciation,-0.020090940470978973,-0.0339142576639338,-0.006634134097655898,-1.9890462369166573,50
24,fixed_budget_history_replay,24,moderate_asymmetric,0.045916720006424,0.028518219134970362,0.0644404073632347,4.698721423764061,50
24,fixed_budget_history_replay,24,strong_premium_penalty,0.07385284491724048,0.05344627209151007,0.09003751733004516,7.664835955998943,50
24,fixed_budget_history_replay,24,zero,0.0,0.0,0.0,0.0,50
